parameter_key,input,max_absolute_correlation,median_absolute_correlation,affected_methods,affected_outputs,scope,method_id,parameter,coverage_class,evidence_ids,needs_research,gap_weight,priority_score,priority,research_question
methods.reusable_age_token.fixed_annual_cost,fixed_annual_cost,0.9981906598032124,0.004332129171652852,1,8,method,reusable_age_token,fixed_annual_cost,explicit_gap,ASSUMP-METHOD-REUSABLE-AGE-TOKEN-FIXED-ANNUAL-COST;GAP-METHOD-REUSABLE-AGE-TOKEN-FIXED-ANNUAL-COST,True,1.25,1.2477383247540155,P0-critical,Estimate implementation and compliance costs by retailer size and channel.
methods.self_declaration.fixed_annual_cost,fixed_annual_cost,0.9976136351297975,0.010544981014073994,1,5,method,self_declaration,fixed_annual_cost,explicit_gap,ASSUMP-METHOD-SELF-DECLARATION-FIXED-ANNUAL-COST;GAP-METHOD-SELF-DECLARATION-FIXED-ANNUAL-COST,True,1.25,1.2470170439122468,P0-critical,Estimate implementation and compliance costs by retailer size and channel.
methods.visual_estimation.fixed_annual_cost,fixed_annual_cost,0.9931292419470759,0.002647211494082885,1,5,method,visual_estimation,fixed_annual_cost,explicit_gap,ASSUMP-METHOD-VISUAL-ESTIMATION-FIXED-ANNUAL-COST;GAP-METHOD-VISUAL-ESTIMATION-FIXED-ANNUAL-COST,True,1.25,1.2414115524338447,P0-critical,Estimate implementation and compliance costs by retailer size and channel.
methods.photo_id_visual.fixed_annual_cost,fixed_annual_cost,0.9929288115504197,0.004790025283964011,1,5,method,photo_id_visual,fixed_annual_cost,explicit_gap,ASSUMP-METHOD-PHOTO-ID-VISUAL-FIXED-ANNUAL-COST;GAP-METHOD-PHOTO-ID-VISUAL-FIXED-ANNUAL-COST,True,1.25,1.2411610144380245,P0-critical,Estimate implementation and compliance costs by retailer size and channel.
methods.facial_age_estimation.fixed_annual_cost,fixed_annual_cost,0.9833664834738586,0.006150914095884367,1,8,method,facial_age_estimation,fixed_annual_cost,explicit_gap,ASSUMP-METHOD-FACIAL-AGE-ESTIMATION-FIXED-ANNUAL-COST;GAP-METHOD-FACIAL-AGE-ESTIMATION-FIXED-ANNUAL-COST,True,1.25,1.2292081043423233,P0-critical,Estimate implementation and compliance costs by retailer size and channel.
methods.document_upload.fixed_annual_cost,fixed_annual_cost,0.9771876852935631,0.001985042251898017,1,8,method,document_upload,fixed_annual_cost,explicit_gap,ASSUMP-METHOD-DOCUMENT-UPLOAD-FIXED-ANNUAL-COST;GAP-METHOD-DOCUMENT-UPLOAD-FIXED-ANNUAL-COST,True,1.25,1.221484606616954,P0-critical,Estimate implementation and compliance costs by retailer size and channel.
methods.in_person_enrolment.fixed_annual_cost,fixed_annual_cost,0.9550632652817694,0.004380508486440204,1,8,method,in_person_enrolment,fixed_annual_cost,explicit_gap,ASSUMP-METHOD-IN-PERSON-ENROLMENT-FIXED-ANNUAL-COST;GAP-METHOD-IN-PERSON-ENROLMENT-FIXED-ANNUAL-COST,True,1.25,1.1938290816022117,P0-critical,Estimate implementation and compliance costs by retailer size and channel.
methods.visual_estimation.adult_false_rejection_rate,adult_false_rejection_rate,0.8348750974587501,0.002522813515057126,1,5,method,visual_estimation,adult_false_rejection_rate,explicit_gap,ASSUMP-METHOD-VISUAL-ESTIMATION-ADULT-FALSE-REJECTION-RATE;GAP-METHOD-VISUAL-ESTIMATION-ADULT-FALSE-REJECTION-RATE,True,1.25,1.0435938718234377,P0-critical,"Measure lawful-adult false rejection using the actual threshold, devices, images, documents, and appeal process."
methods.in_person_enrolment.minor_substitution_rate,minor_substitution_rate,0.8016953746702462,0.0026858993494263605,1,8,method,in_person_enrolment,minor_substitution_rate,context_only,ASSUMP-METHOD-IN-PERSON-ENROLMENT-MINOR-SUBSTITUTION-RATE;GAP-METHOD-IN-PERSON-ENROLMENT-MINOR-SUBSTITUTION-RATE;INSPQ-QC-SUBSTITUTION-WARNING-2026,True,1.0,0.8016953746702462,P0-critical,"Measure substitution from a blocked energy-drink purchase to other caffeinated, sugary, or informal products."
scenario.purchase_attempt_rate,purchase_attempt_rate,0.7738783505525274,0.33492856040222746,7,8,scenario,ALL,purchase_attempt_rate,context_only,ASSUMP-SCENARIO-PURCHASE-ATTEMPT-RATE;GAP-QC-PURCHASE-ATTEMPT-RATE;ISQ-QC-15-29-FREQUENCY-2020-21,True,1.0,0.7738783505525274,P0-critical,Estimate annual relevant purchase attempts per person and by retail channel.
methods.document_upload.minor_substitution_rate,minor_substitution_rate,0.7316472866489789,0.0036448405722899367,1,8,method,document_upload,minor_substitution_rate,context_only,ASSUMP-METHOD-DOCUMENT-UPLOAD-MINOR-SUBSTITUTION-RATE;GAP-METHOD-DOCUMENT-UPLOAD-MINOR-SUBSTITUTION-RATE;INSPQ-QC-SUBSTITUTION-WARNING-2026,True,1.0,0.7316472866489789,P0-critical,"Measure substitution from a blocked energy-drink purchase to other caffeinated, sugary, or informal products."
methods.facial_age_estimation.records_per_identity_proof,records_per_identity_proof,0.9735593287264799,0.007989726840795892,1,8,method,facial_age_estimation,records_per_identity_proof,official_guidance,ASSUMP-METHOD-FACIAL-AGE-ESTIMATION-RECORDS-PER-IDENTITY-PROOF;GAP-METHOD-FACIAL-AGE-ESTIMATION-RECORDS-PER-IDENTITY-PROOF;OPC-AA-PROPORTIONALITY-2026;OPC-AA-MINIMIZATION-APPEAL-2026,True,0.75,0.73016949654486,P0-critical,Document each retained record created by the end-to-end verification data flow.
methods.reusable_age_token.minor_substitution_rate,minor_substitution_rate,0.725544767061322,0.003922682081937073,1,8,method,reusable_age_token,minor_substitution_rate,context_only,ASSUMP-METHOD-REUSABLE-AGE-TOKEN-MINOR-SUBSTITUTION-RATE;GAP-METHOD-REUSABLE-AGE-TOKEN-MINOR-SUBSTITUTION-RATE;INSPQ-QC-SUBSTITUTION-WARNING-2026,True,1.0,0.725544767061322,P0-critical,"Measure substitution from a blocked energy-drink purchase to other caffeinated, sugary, or informal products."
methods.photo_id_visual.minor_substitution_rate,minor_substitution_rate,0.7005041467476257,0.002736839207174736,1,5,method,photo_id_visual,minor_substitution_rate,context_only,ASSUMP-METHOD-PHOTO-ID-VISUAL-MINOR-SUBSTITUTION-RATE;GAP-METHOD-PHOTO-ID-VISUAL-MINOR-SUBSTITUTION-RATE;INSPQ-QC-SUBSTITUTION-WARNING-2026,True,1.0,0.7005041467476257,P0-critical,"Measure substitution from a blocked energy-drink purchase to other caffeinated, sugary, or informal products."
methods.visual_estimation.minor_circumvention_rate,minor_circumvention_rate,0.558625005894298,0.004662760002473104,1,5,method,visual_estimation,minor_circumvention_rate,explicit_gap,ASSUMP-METHOD-VISUAL-ESTIMATION-MINOR-CIRCUMVENTION-RATE;GAP-METHOD-VISUAL-ESTIMATION-MINOR-CIRCUMVENTION-RATE,True,1.25,0.6982812573678725,P0-critical,"Measure successful proxy purchase, document borrowing, cross-border, or channel switching after a block."
methods.visual_estimation.minor_detection_rate,minor_detection_rate,0.5558202553999602,0.006772395206036959,1,5,method,visual_estimation,minor_detection_rate,explicit_gap,ASSUMP-METHOD-VISUAL-ESTIMATION-MINOR-DETECTION-RATE;GAP-METHOD-VISUAL-ESTIMATION-MINOR-DETECTION-RATE,True,1.25,0.6947753192499502,P0-critical,Measure initial underage detection under a defined policy and operating workflow.
methods.self_declaration.minor_circumvention_rate,minor_circumvention_rate,0.6912179751318793,0.003335895905366358,1,5,method,self_declaration,minor_circumvention_rate,context_only,ASSUMP-METHOD-SELF-DECLARATION-MINOR-CIRCUMVENTION-RATE;GAP-METHOD-SELF-DECLARATION-MINOR-CIRCUMVENTION-RATE;CAI-GPEN-AGE-CONTROLS-2024,True,1.0,0.6912179751318793,P0-critical,"Measure successful proxy purchase, document borrowing, cross-border, or channel switching after a block."
methods.document_upload.annual_breach_probability,annual_breach_probability,0.550584868792618,0.0015530094622532038,1,8,method,document_upload,annual_breach_probability,explicit_gap,ASSUMP-METHOD-DOCUMENT-UPLOAD-ANNUAL-BREACH-PROBABILITY;GAP-METHOD-DOCUMENT-UPLOAD-ANNUAL-BREACH-PROBABILITY,True,1.25,0.6882310859907725,P0-critical,Estimate routine breach likelihood using comparable systems and security architecture.
methods.facial_age_estimation.minor_substitution_rate,minor_substitution_rate,0.6801270576188029,0.005128630130147453,1,8,method,facial_age_estimation,minor_substitution_rate,context_only,ASSUMP-METHOD-FACIAL-AGE-ESTIMATION-MINOR-SUBSTITUTION-RATE;GAP-METHOD-FACIAL-AGE-ESTIMATION-MINOR-SUBSTITUTION-RATE;INSPQ-QC-SUBSTITUTION-WARNING-2026,True,1.0,0.6801270576188029,P0-critical,"Measure substitution from a blocked energy-drink purchase to other caffeinated, sugary, or informal products."
methods.reusable_age_token.annual_breach_probability,annual_breach_probability,0.5429575999753271,0.0022211211725524484,1,8,method,reusable_age_token,annual_breach_probability,explicit_gap,ASSUMP-METHOD-REUSABLE-AGE-TOKEN-ANNUAL-BREACH-PROBABILITY;GAP-METHOD-REUSABLE-AGE-TOKEN-ANNUAL-BREACH-PROBABILITY,True,1.25,0.6786969999691589,P0-critical,Estimate routine breach likelihood using comparable systems and security architecture.
methods.self_declaration.adult_abandonment_rate,adult_abandonment_rate,0.9022516394325488,0.011061875977160752,1,5,method,self_declaration,adult_abandonment_rate,official_guidance,ASSUMP-METHOD-SELF-DECLARATION-ADULT-ABANDONMENT-RATE;GAP-METHOD-SELF-DECLARATION-ADULT-ABANDONMENT-RATE;W3C-WCAG22-AUTH-3-3-8,True,0.75,0.6766887295744116,P0-critical,Measure lawful-adult abandonment before and during the verification workflow.
methods.document_upload.records_per_identity_proof,records_per_identity_proof,0.8921558992927985,0.004613330891541333,1,8,method,document_upload,records_per_identity_proof,official_guidance,ASSUMP-METHOD-DOCUMENT-UPLOAD-RECORDS-PER-IDENTITY-PROOF;GAP-METHOD-DOCUMENT-UPLOAD-RECORDS-PER-IDENTITY-PROOF;OPC-AA-PROPORTIONALITY-2026;OPC-AA-MINIMIZATION-APPEAL-2026,True,0.75,0.6691169244695989,P0-critical,Document each retained record created by the end-to-end verification data flow.
methods.in_person_enrolment.annual_breach_probability,annual_breach_probability,0.5350992883328237,0.003007397263154959,1,8,method,in_person_enrolment,annual_breach_probability,explicit_gap,ASSUMP-METHOD-IN-PERSON-ENROLMENT-ANNUAL-BREACH-PROBABILITY;GAP-METHOD-IN-PERSON-ENROLMENT-ANNUAL-BREACH-PROBABILITY,True,1.25,0.6688741104160296,P0-critical,Estimate routine breach likelihood using comparable systems and security architecture.
methods.facial_age_estimation.minor_circumvention_rate,minor_circumvention_rate,0.5279263697277786,0.002252421588372969,1,8,method,facial_age_estimation,minor_circumvention_rate,explicit_gap,ASSUMP-METHOD-FACIAL-AGE-ESTIMATION-MINOR-CIRCUMVENTION-RATE;GAP-METHOD-FACIAL-AGE-ESTIMATION-MINOR-CIRCUMVENTION-RATE,True,1.25,0.6599079621597232,P0-critical,"Measure successful proxy purchase, document borrowing, cross-border, or channel switching after a block."
methods.document_upload.record_retention_years,record_retention_years,0.8569042917005217,0.0020316734671646693,1,8,method,document_upload,record_retention_years,official_guidance,ASSUMP-METHOD-DOCUMENT-UPLOAD-RECORD-RETENTION-YEARS;GAP-METHOD-DOCUMENT-UPLOAD-RECORD-RETENTION-YEARS;OPC-AA-MINIMIZATION-APPEAL-2026,True,0.75,0.6426782187753913,P1-high,"Document contractual, technical, and legal retention periods."
scenario.higher_friction_adult_share,higher_friction_adult_share,0.6290567757153668,0.004248293896771318,7,8,scenario,ALL,higher_friction_adult_share,context_only,ASSUMP-SCENARIO-HIGHER-FRICTION-ADULT-SHARE;GAP-QC-HIGHER-FRICTION-SHARE;ESDC-GIS-PHOTO-ID-BARRIER-2019,True,1.0,0.6290567757153668,P1-high,Estimate how many lawful adult buyers face elevated identification or digital-access friction.
methods.in_person_enrolment.adult_abandonment_rate,adult_abandonment_rate,0.8043776425160232,0.0018569874962147954,1,8,method,in_person_enrolment,adult_abandonment_rate,official_guidance,ASSUMP-METHOD-IN-PERSON-ENROLMENT-ADULT-ABANDONMENT-RATE;GAP-METHOD-IN-PERSON-ENROLMENT-ADULT-ABANDONMENT-RATE;W3C-WCAG22-AUTH-3-3-8,True,0.75,0.6032832318870174,P1-high,Measure lawful-adult abandonment before and during the verification workflow.
methods.reusable_age_token.adult_abandonment_rate,adult_abandonment_rate,0.8025277409772351,0.0013248955126579584,1,8,method,reusable_age_token,adult_abandonment_rate,official_guidance,ASSUMP-METHOD-REUSABLE-AGE-TOKEN-ADULT-ABANDONMENT-RATE;GAP-METHOD-REUSABLE-AGE-TOKEN-ADULT-ABANDONMENT-RATE;W3C-WCAG22-AUTH-3-3-8,True,0.75,0.6018958057329263,P1-high,Measure lawful-adult abandonment before and during the verification workflow.
methods.photo_id_visual.adult_abandonment_rate,adult_abandonment_rate,0.7871764471004067,0.007830060479580025,1,5,method,photo_id_visual,adult_abandonment_rate,official_guidance,ASSUMP-METHOD-PHOTO-ID-VISUAL-ADULT-ABANDONMENT-RATE;GAP-METHOD-PHOTO-ID-VISUAL-ADULT-ABANDONMENT-RATE;W3C-WCAG22-AUTH-3-3-8,True,0.75,0.590382335325305,P1-high,Measure lawful-adult abandonment before and during the verification workflow.
methods.reusable_age_token.minor_circumvention_rate,minor_circumvention_rate,0.4720660252042505,0.006750194853756079,1,8,method,reusable_age_token,minor_circumvention_rate,explicit_gap,ASSUMP-METHOD-REUSABLE-AGE-TOKEN-MINOR-CIRCUMVENTION-RATE;GAP-METHOD-REUSABLE-AGE-TOKEN-MINOR-CIRCUMVENTION-RATE,True,1.25,0.5900825315053131,P1-high,"Measure successful proxy purchase, document borrowing, cross-border, or channel switching after a block."
methods.facial_age_estimation.adult_false_rejection_rate,adult_false_rejection_rate,0.5834683864785715,0.007018745523767498,1,8,method,facial_age_estimation,adult_false_rejection_rate,context_only,ASSUMP-METHOD-FACIAL-AGE-ESTIMATION-ADULT-FALSE-REJECTION-RATE;GAP-METHOD-FACIAL-AGE-ESTIMATION-ADULT-FALSE-REJECTION-RATE;NIST-FATE-AEV-ONGOING-2026,True,1.0,0.5834683864785715,P1-high,"Measure lawful-adult false rejection using the actual threshold, devices, images, documents, and appeal process."
methods.document_upload.adult_abandonment_rate,adult_abandonment_rate,0.7728819697612169,0.0030669322011147734,1,8,method,document_upload,adult_abandonment_rate,official_guidance,ASSUMP-METHOD-DOCUMENT-UPLOAD-ADULT-ABANDONMENT-RATE;GAP-METHOD-DOCUMENT-UPLOAD-ADULT-ABANDONMENT-RATE;W3C-WCAG22-AUTH-3-3-8,True,0.75,0.5796614773209127,P1-high,Measure lawful-adult abandonment before and during the verification workflow.
methods.self_declaration.minor_detection_rate,minor_detection_rate,0.5765963712660945,0.0025789323051595733,1,5,method,self_declaration,minor_detection_rate,context_only,ASSUMP-METHOD-SELF-DECLARATION-MINOR-DETECTION-RATE;GAP-METHOD-SELF-DECLARATION-MINOR-DETECTION-RATE;CAI-GPEN-AGE-CONTROLS-2024,True,1.0,0.5765963712660945,P1-high,Measure initial underage detection under a defined policy and operating workflow.
methods.document_upload.minor_circumvention_rate,minor_circumvention_rate,0.43432562665494634,0.005402287579200915,1,8,method,document_upload,minor_circumvention_rate,explicit_gap,ASSUMP-METHOD-DOCUMENT-UPLOAD-MINOR-CIRCUMVENTION-RATE;GAP-METHOD-DOCUMENT-UPLOAD-MINOR-CIRCUMVENTION-RATE,True,1.25,0.542907033318683,P1-high,"Measure successful proxy purchase, document borrowing, cross-border, or channel switching after a block."
methods.facial_age_estimation.annual_breach_probability,annual_breach_probability,0.4257089974715316,0.004598656029807463,1,8,method,facial_age_estimation,annual_breach_probability,explicit_gap,ASSUMP-METHOD-FACIAL-AGE-ESTIMATION-ANNUAL-BREACH-PROBABILITY;GAP-METHOD-FACIAL-AGE-ESTIMATION-ANNUAL-BREACH-PROBABILITY,True,1.25,0.5321362468394145,P1-high,Estimate routine breach likelihood using comparable systems and security architecture.
scenario.minor_share,minor_share,0.5158313475895966,0.04737597519267839,7,8,scenario,ALL,minor_share,context_only,ASSUMP-SCENARIO-MINOR-SHARE;GAP-QC-MINOR-TRANSACTION-SHARE;INSPQ-QC-YOUTH-WEEKLY-2022-23;ISQ-QC-15-24-WEEKLY-2020-21,True,1.0,0.5158313475895966,P1-high,Estimate the share of relevant purchase attempts made by people under 16.
methods.facial_age_estimation.record_retention_years,record_retention_years,0.6862317004506527,0.0038241876515456756,1,8,method,facial_age_estimation,record_retention_years,official_guidance,ASSUMP-METHOD-FACIAL-AGE-ESTIMATION-RECORD-RETENTION-YEARS;GAP-METHOD-FACIAL-AGE-ESTIMATION-RECORD-RETENTION-YEARS;OPC-AA-MINIMIZATION-APPEAL-2026,True,0.75,0.5146737753379895,P1-high,"Document contractual, technical, and legal retention periods."
methods.reusable_age_token.record_retention_years,record_retention_years,0.6773921701923329,0.005184304071657722,1,8,method,reusable_age_token,record_retention_years,official_guidance,ASSUMP-METHOD-REUSABLE-AGE-TOKEN-RECORD-RETENTION-YEARS;GAP-METHOD-REUSABLE-AGE-TOKEN-RECORD-RETENTION-YEARS;OPC-AA-MINIMIZATION-APPEAL-2026;NIST-SP800-63-4-2025,True,0.75,0.5080441276442497,P1-high,"Document contractual, technical, and legal retention periods."
methods.in_person_enrolment.record_retention_years,record_retention_years,0.6559508693763964,0.003284916584369967,1,8,method,in_person_enrolment,record_retention_years,official_guidance,ASSUMP-METHOD-IN-PERSON-ENROLMENT-RECORD-RETENTION-YEARS;GAP-METHOD-IN-PERSON-ENROLMENT-RECORD-RETENTION-YEARS;OPC-AA-MINIMIZATION-APPEAL-2026,True,0.75,0.49196315203229724,P1-high,"Document contractual, technical, and legal retention periods."
methods.photo_id_visual.minor_circumvention_rate,minor_circumvention_rate,0.3928220466467288,0.005156751371854701,1,5,method,photo_id_visual,minor_circumvention_rate,explicit_gap,ASSUMP-METHOD-PHOTO-ID-VISUAL-MINOR-CIRCUMVENTION-RATE;GAP-METHOD-PHOTO-ID-VISUAL-MINOR-CIRCUMVENTION-RATE,True,1.25,0.49102755830841105,P1-high,"Measure successful proxy purchase, document borrowing, cross-border, or channel switching after a block."
methods.facial_age_estimation.adult_abandonment_rate,adult_abandonment_rate,0.5999783868765033,0.0026594500704557804,1,8,method,facial_age_estimation,adult_abandonment_rate,official_guidance,ASSUMP-METHOD-FACIAL-AGE-ESTIMATION-ADULT-ABANDONMENT-RATE;GAP-METHOD-FACIAL-AGE-ESTIMATION-ADULT-ABANDONMENT-RATE;W3C-WCAG22-AUTH-3-3-8,True,0.75,0.44998379015737744,P1-high,Measure lawful-adult abandonment before and during the verification workflow.
methods.in_person_enrolment.identity_proofing_rate,identity_proofing_rate,0.8138991891148077,0.08863671026700669,1,8,method,in_person_enrolment,identity_proofing_rate,legal_fact,ASSUMP-METHOD-IN-PERSON-ENROLMENT-IDENTITY-PROOFING-RATE;GAP-METHOD-IN-PERSON-ENROLMENT-IDENTITY-PROOFING-RATE;LEGAL-QC-BILL9-REMOTE-SALES,True,0.55,0.4476445540131443,P1-high,Measure how often a transaction invokes full identity proofing rather than a reusable age assertion.
methods.visual_estimation.minor_substitution_rate,minor_substitution_rate,0.445099934023832,0.005070893032332357,1,5,method,visual_estimation,minor_substitution_rate,context_only,ASSUMP-METHOD-VISUAL-ESTIMATION-MINOR-SUBSTITUTION-RATE;GAP-METHOD-VISUAL-ESTIMATION-MINOR-SUBSTITUTION-RATE;INSPQ-QC-SUBSTITUTION-WARNING-2026,True,1.0,0.445099934023832,P1-high,"Measure substitution from a blocked energy-drink purchase to other caffeinated, sugary, or informal products."
methods.reusable_age_token.identity_proofing_rate,identity_proofing_rate,0.8067400761704082,0.02611114237534046,1,8,method,reusable_age_token,identity_proofing_rate,legal_fact,ASSUMP-METHOD-REUSABLE-AGE-TOKEN-IDENTITY-PROOFING-RATE;GAP-METHOD-REUSABLE-AGE-TOKEN-IDENTITY-PROOFING-RATE;LEGAL-QC-BILL9-REMOTE-SALES;NIST-SP800-63-4-2025;OPC-AA-MINIMIZATION-APPEAL-2026,True,0.55,0.44370704189372456,P1-high,Measure how often a transaction invokes full identity proofing rather than a reusable age assertion.
methods.reusable_age_token.adult_false_rejection_rate,adult_false_rejection_rate,0.3431690403932037,0.004211078349748432,1,8,method,reusable_age_token,adult_false_rejection_rate,explicit_gap,ASSUMP-METHOD-REUSABLE-AGE-TOKEN-ADULT-FALSE-REJECTION-RATE;GAP-METHOD-REUSABLE-AGE-TOKEN-ADULT-FALSE-REJECTION-RATE,True,1.25,0.4289613004915046,P1-high,"Measure lawful-adult false rejection using the actual threshold, devices, images, documents, and appeal process."
methods.in_person_enrolment.minor_circumvention_rate,minor_circumvention_rate,0.3073088725632436,0.0050375479460630194,1,8,method,in_person_enrolment,minor_circumvention_rate,explicit_gap,ASSUMP-METHOD-IN-PERSON-ENROLMENT-MINOR-CIRCUMVENTION-RATE;GAP-METHOD-IN-PERSON-ENROLMENT-MINOR-CIRCUMVENTION-RATE,True,1.25,0.38413609070405447,P2-medium,"Measure successful proxy purchase, document borrowing, cross-border, or channel switching after a block."
methods.visual_estimation.higher_friction_false_rejection_multiplier,higher_friction_false_rejection_multiplier,0.30288956470358785,0.007028493123963398,1,5,method,visual_estimation,higher_friction_false_rejection_multiplier,explicit_gap,ASSUMP-METHOD-VISUAL-ESTIMATION-HIGHER-FRICTION-FALSE-REJECTION-MULTIPLIER;GAP-METHOD-VISUAL-ESTIMATION-HIGHER-FRICTION-FALSE-REJECTION-MULTIPLIER,True,1.25,0.3786119558794848,P2-medium,"Find direct, jurisdiction-matched evidence for this modeled parameter."
methods.facial_age_estimation.minor_detection_rate,minor_detection_rate,0.3631123336913249,0.006050882244020353,1,8,method,facial_age_estimation,minor_detection_rate,context_only,ASSUMP-METHOD-FACIAL-AGE-ESTIMATION-MINOR-DETECTION-RATE;GAP-METHOD-FACIAL-AGE-ESTIMATION-MINOR-DETECTION-RATE;NIST-FATE-AEV-ONGOING-2026,True,1.0,0.3631123336913249,P2-medium,Measure initial underage detection under a defined policy and operating workflow.
methods.in_person_enrolment.records_per_identity_proof,records_per_identity_proof,0.4630759287857744,0.00418612596647445,1,8,method,in_person_enrolment,records_per_identity_proof,official_guidance,ASSUMP-METHOD-IN-PERSON-ENROLMENT-RECORDS-PER-IDENTITY-PROOF;GAP-METHOD-IN-PERSON-ENROLMENT-RECORDS-PER-IDENTITY-PROOF;OPC-AA-PROPORTIONALITY-2026;OPC-AA-MINIMIZATION-APPEAL-2026,True,0.75,0.3473069465893308,P2-medium,Document each retained record created by the end-to-end verification data flow.
methods.reusable_age_token.records_per_identity_proof,records_per_identity_proof,0.46225559397322225,0.00598422106472969,1,8,method,reusable_age_token,records_per_identity_proof,official_guidance,ASSUMP-METHOD-REUSABLE-AGE-TOKEN-RECORDS-PER-IDENTITY-PROOF;GAP-METHOD-REUSABLE-AGE-TOKEN-RECORDS-PER-IDENTITY-PROOF;OPC-AA-PROPORTIONALITY-2026;OPC-AA-MINIMIZATION-APPEAL-2026,True,0.75,0.3466916954799167,P2-medium,Document each retained record created by the end-to-end verification data flow.
methods.document_upload.adult_false_rejection_rate,adult_false_rejection_rate,0.2539211718784325,0.0038585308526954127,1,8,method,document_upload,adult_false_rejection_rate,explicit_gap,ASSUMP-METHOD-DOCUMENT-UPLOAD-ADULT-FALSE-REJECTION-RATE;GAP-METHOD-DOCUMENT-UPLOAD-ADULT-FALSE-REJECTION-RATE,True,1.25,0.3174014648480406,P2-medium,"Measure lawful-adult false rejection using the actual threshold, devices, images, documents, and appeal process."
methods.self_declaration.adult_false_rejection_rate,adult_false_rejection_rate,0.24734208348399286,0.002554711674109885,1,5,method,self_declaration,adult_false_rejection_rate,explicit_gap,ASSUMP-METHOD-SELF-DECLARATION-ADULT-FALSE-REJECTION-RATE;GAP-METHOD-SELF-DECLARATION-ADULT-FALSE-REJECTION-RATE,True,1.25,0.3091776043549911,P2-medium,"Measure lawful-adult false rejection using the actual threshold, devices, images, documents, and appeal process."
methods.document_upload.higher_friction_abandonment_multiplier,higher_friction_abandonment_multiplier,0.40373990203452,0.00415432366711773,1,8,method,document_upload,higher_friction_abandonment_multiplier,official_guidance,ASSUMP-METHOD-DOCUMENT-UPLOAD-HIGHER-FRICTION-ABANDONMENT-MULTIPLIER;GAP-METHOD-DOCUMENT-UPLOAD-HIGHER-FRICTION-ABANDONMENT-MULTIPLIER;W3C-WCAG22-AUTH-3-3-8,True,0.75,0.30280492652589,P2-medium,"Find direct, jurisdiction-matched evidence for this modeled parameter."
methods.in_person_enrolment.centralized_record_fraction,centralized_record_fraction,0.38759884860307164,0.006380991778040398,1,8,method,in_person_enrolment,centralized_record_fraction,official_guidance,ASSUMP-METHOD-IN-PERSON-ENROLMENT-CENTRALIZED-RECORD-FRACTION;GAP-METHOD-IN-PERSON-ENROLMENT-CENTRALIZED-RECORD-FRACTION;OPC-AA-PROPORTIONALITY-2026;OPC-AA-MINIMIZATION-APPEAL-2026,True,0.75,0.2906991364523037,P2-medium,Measure what fraction of records are centralized or linkable across relying parties.
methods.self_declaration.minor_substitution_rate,minor_substitution_rate,0.2901912918266045,0.0021229055977771624,1,5,method,self_declaration,minor_substitution_rate,context_only,ASSUMP-METHOD-SELF-DECLARATION-MINOR-SUBSTITUTION-RATE;GAP-METHOD-SELF-DECLARATION-MINOR-SUBSTITUTION-RATE;INSPQ-QC-SUBSTITUTION-WARNING-2026,True,1.0,0.2901912918266045,P2-medium,"Measure substitution from a blocked energy-drink purchase to other caffeinated, sugary, or informal products."
methods.in_person_enrolment.higher_friction_abandonment_multiplier,higher_friction_abandonment_multiplier,0.3596506042871563,0.006941740699384696,1,8,method,in_person_enrolment,higher_friction_abandonment_multiplier,official_guidance,ASSUMP-METHOD-IN-PERSON-ENROLMENT-HIGHER-FRICTION-ABANDONMENT-MULTIPLIER;GAP-METHOD-IN-PERSON-ENROLMENT-HIGHER-FRICTION-ABANDONMENT-MULTIPLIER;W3C-WCAG22-AUTH-3-3-8,True,0.75,0.2697379532153672,P2-medium,"Find direct, jurisdiction-matched evidence for this modeled parameter."
methods.photo_id_visual.higher_friction_abandonment_multiplier,higher_friction_abandonment_multiplier,0.3462309213783964,0.003967252473842902,1,5,method,photo_id_visual,higher_friction_abandonment_multiplier,official_guidance,ASSUMP-METHOD-PHOTO-ID-VISUAL-HIGHER-FRICTION-ABANDONMENT-MULTIPLIER;GAP-METHOD-PHOTO-ID-VISUAL-HIGHER-FRICTION-ABANDONMENT-MULTIPLIER;W3C-WCAG22-AUTH-3-3-8,True,0.75,0.25967319103379727,P2-medium,"Find direct, jurisdiction-matched evidence for this modeled parameter."
methods.reusable_age_token.higher_friction_abandonment_multiplier,higher_friction_abandonment_multiplier,0.3422832742242414,0.0055548572960299435,1,8,method,reusable_age_token,higher_friction_abandonment_multiplier,official_guidance,ASSUMP-METHOD-REUSABLE-AGE-TOKEN-HIGHER-FRICTION-ABANDONMENT-MULTIPLIER;GAP-METHOD-REUSABLE-AGE-TOKEN-HIGHER-FRICTION-ABANDONMENT-MULTIPLIER;W3C-WCAG22-AUTH-3-3-8,True,0.75,0.256712455668181,P2-medium,"Find direct, jurisdiction-matched evidence for this modeled parameter."
methods.facial_age_estimation.higher_friction_false_rejection_multiplier,higher_friction_false_rejection_multiplier,0.25253426967515774,0.003388231418555292,1,8,method,facial_age_estimation,higher_friction_false_rejection_multiplier,context_only,ASSUMP-METHOD-FACIAL-AGE-ESTIMATION-HIGHER-FRICTION-FALSE-REJECTION-MULTIPLIER;GAP-METHOD-FACIAL-AGE-ESTIMATION-HIGHER-FRICTION-FALSE-REJECTION-MULTIPLIER;NIST-FATE-AEV-ONGOING-2026,True,1.0,0.25253426967515774,P2-medium,"Find direct, jurisdiction-matched evidence for this modeled parameter."
methods.reusable_age_token.centralized_record_fraction,centralized_record_fraction,0.32380972069461195,0.005279915105759966,1,8,method,reusable_age_token,centralized_record_fraction,official_guidance,ASSUMP-METHOD-REUSABLE-AGE-TOKEN-CENTRALIZED-RECORD-FRACTION;GAP-METHOD-REUSABLE-AGE-TOKEN-CENTRALIZED-RECORD-FRACTION;OPC-AA-PROPORTIONALITY-2026;OPC-AA-MINIMIZATION-APPEAL-2026,True,0.75,0.24285729052095895,P2-medium,Measure what fraction of records are centralized or linkable across relying parties.
methods.facial_age_estimation.centralized_record_fraction,centralized_record_fraction,0.28364090034344036,0.00390559936673024,1,8,method,facial_age_estimation,centralized_record_fraction,official_guidance,ASSUMP-METHOD-FACIAL-AGE-ESTIMATION-CENTRALIZED-RECORD-FRACTION;GAP-METHOD-FACIAL-AGE-ESTIMATION-CENTRALIZED-RECORD-FRACTION;OPC-AA-PROPORTIONALITY-2026;OPC-AA-MINIMIZATION-APPEAL-2026,True,0.75,0.21273067525758027,P2-medium,Measure what fraction of records are centralized or linkable across relying parties.
methods.photo_id_visual.minor_detection_rate,minor_detection_rate,0.16595563671537425,0.007101336589208535,1,5,method,photo_id_visual,minor_detection_rate,explicit_gap,ASSUMP-METHOD-PHOTO-ID-VISUAL-MINOR-DETECTION-RATE;GAP-METHOD-PHOTO-ID-VISUAL-MINOR-DETECTION-RATE,True,1.25,0.20744454589421782,P2-medium,Measure initial underage detection under a defined policy and operating workflow.
methods.visual_estimation.adult_abandonment_rate,adult_abandonment_rate,0.2715537783003335,0.004002245003488898,1,5,method,visual_estimation,adult_abandonment_rate,official_guidance,ASSUMP-METHOD-VISUAL-ESTIMATION-ADULT-ABANDONMENT-RATE;GAP-METHOD-VISUAL-ESTIMATION-ADULT-ABANDONMENT-RATE;W3C-WCAG22-AUTH-3-3-8,True,0.75,0.20366533372525014,P2-medium,Measure lawful-adult abandonment before and during the verification workflow.
methods.in_person_enrolment.variable_cost_per_identity_proof,variable_cost_per_identity_proof,0.194459928851352,0.002362772444481109,1,8,method,in_person_enrolment,variable_cost_per_identity_proof,context_only,ASSUMP-METHOD-IN-PERSON-ENROLMENT-VARIABLE-COST-PER-IDENTITY-PROOF;GAP-METHOD-IN-PERSON-ENROLMENT-VARIABLE-COST-PER-IDENTITY-PROOF;QC-MIN-WAGE-2026,True,1.0,0.194459928851352,P3-low,"Measure incremental cost of document, biometric, or in-person proofing."
methods.reusable_age_token.higher_friction_false_rejection_multiplier,higher_friction_false_rejection_multiplier,0.1515327406947251,0.005000188047440075,1,8,method,reusable_age_token,higher_friction_false_rejection_multiplier,explicit_gap,ASSUMP-METHOD-REUSABLE-AGE-TOKEN-HIGHER-FRICTION-FALSE-REJECTION-MULTIPLIER;GAP-METHOD-REUSABLE-AGE-TOKEN-HIGHER-FRICTION-FALSE-REJECTION-MULTIPLIER,True,1.25,0.1894159258684064,P3-low,"Find direct, jurisdiction-matched evidence for this modeled parameter."
methods.photo_id_visual.adult_false_rejection_rate,adult_false_rejection_rate,0.31956789533246716,0.005768522296611409,1,5,method,photo_id_visual,adult_false_rejection_rate,legal_fact,ASSUMP-METHOD-PHOTO-ID-VISUAL-ADULT-FALSE-REJECTION-RATE;GAP-METHOD-PHOTO-ID-VISUAL-ADULT-FALSE-REJECTION-RATE;LEGAL-QC-BILL9-PHOTO-ID,True,0.55,0.17576234243285696,P3-low,"Measure lawful-adult false rejection using the actual threshold, devices, images, documents, and appeal process."
methods.reusable_age_token.minor_detection_rate,minor_detection_rate,0.13635940228772778,0.0037203501893761405,1,8,method,reusable_age_token,minor_detection_rate,explicit_gap,ASSUMP-METHOD-REUSABLE-AGE-TOKEN-MINOR-DETECTION-RATE;GAP-METHOD-REUSABLE-AGE-TOKEN-MINOR-DETECTION-RATE,True,1.25,0.17044925285965973,P3-low,Measure initial underage detection under a defined policy and operating workflow.
methods.facial_age_estimation.higher_friction_abandonment_multiplier,higher_friction_abandonment_multiplier,0.21618874342125952,0.0034189249576555706,1,8,method,facial_age_estimation,higher_friction_abandonment_multiplier,official_guidance,ASSUMP-METHOD-FACIAL-AGE-ESTIMATION-HIGHER-FRICTION-ABANDONMENT-MULTIPLIER;GAP-METHOD-FACIAL-AGE-ESTIMATION-HIGHER-FRICTION-ABANDONMENT-MULTIPLIER;W3C-WCAG22-AUTH-3-3-8,True,0.75,0.16214155756594464,P3-low,"Find direct, jurisdiction-matched evidence for this modeled parameter."
methods.self_declaration.higher_friction_abandonment_multiplier,higher_friction_abandonment_multiplier,0.2147389842582476,0.004104370417065749,1,5,method,self_declaration,higher_friction_abandonment_multiplier,official_guidance,ASSUMP-METHOD-SELF-DECLARATION-HIGHER-FRICTION-ABANDONMENT-MULTIPLIER;GAP-METHOD-SELF-DECLARATION-HIGHER-FRICTION-ABANDONMENT-MULTIPLIER;W3C-WCAG22-AUTH-3-3-8,True,0.75,0.1610542381936857,P3-low,"Find direct, jurisdiction-matched evidence for this modeled parameter."
methods.document_upload.variable_cost_per_identity_proof,variable_cost_per_identity_proof,0.15989335764030935,0.0030625080777850035,1,8,method,document_upload,variable_cost_per_identity_proof,context_only,ASSUMP-METHOD-DOCUMENT-UPLOAD-VARIABLE-COST-PER-IDENTITY-PROOF;GAP-METHOD-DOCUMENT-UPLOAD-VARIABLE-COST-PER-IDENTITY-PROOF;QC-MIN-WAGE-2026,True,1.0,0.15989335764030935,P3-low,"Measure incremental cost of document, biometric, or in-person proofing."
methods.photo_id_visual.higher_friction_false_rejection_multiplier,higher_friction_false_rejection_multiplier,0.12220095046052838,0.0086959978408544,1,5,method,photo_id_visual,higher_friction_false_rejection_multiplier,explicit_gap,ASSUMP-METHOD-PHOTO-ID-VISUAL-HIGHER-FRICTION-FALSE-REJECTION-MULTIPLIER;GAP-METHOD-PHOTO-ID-VISUAL-HIGHER-FRICTION-FALSE-REJECTION-MULTIPLIER,True,1.25,0.1527511880756605,P3-low,"Find direct, jurisdiction-matched evidence for this modeled parameter."
methods.document_upload.minor_detection_rate,minor_detection_rate,0.11231687024543875,0.005215192870774078,1,8,method,document_upload,minor_detection_rate,explicit_gap,ASSUMP-METHOD-DOCUMENT-UPLOAD-MINOR-DETECTION-RATE;GAP-METHOD-DOCUMENT-UPLOAD-MINOR-DETECTION-RATE,True,1.25,0.14039608780679844,P3-low,Measure initial underage detection under a defined policy and operating workflow.
methods.facial_age_estimation.variable_cost_per_identity_proof,variable_cost_per_identity_proof,0.14003815688596727,0.004539665932215867,1,8,method,facial_age_estimation,variable_cost_per_identity_proof,context_only,ASSUMP-METHOD-FACIAL-AGE-ESTIMATION-VARIABLE-COST-PER-IDENTITY-PROOF;GAP-METHOD-FACIAL-AGE-ESTIMATION-VARIABLE-COST-PER-IDENTITY-PROOF;QC-MIN-WAGE-2026,True,1.0,0.14003815688596727,P3-low,"Measure incremental cost of document, biometric, or in-person proofing."
methods.in_person_enrolment.catastrophic_breach_probability,catastrophic_breach_probability,0.1112037190269455,0.0028531420333812564,1,8,method,in_person_enrolment,catastrophic_breach_probability,explicit_gap,ASSUMP-METHOD-IN-PERSON-ENROLMENT-CATASTROPHIC-BREACH-PROBABILITY;GAP-METHOD-IN-PERSON-ENROLMENT-CATASTROPHIC-BREACH-PROBABILITY,True,1.25,0.13900464878368188,P3-low,Stress-test correlated or catastrophic compromise separately from routine exposure.
methods.reusable_age_token.catastrophic_breach_probability,catastrophic_breach_probability,0.094864951795898,0.007701231564248493,1,8,method,reusable_age_token,catastrophic_breach_probability,explicit_gap,ASSUMP-METHOD-REUSABLE-AGE-TOKEN-CATASTROPHIC-BREACH-PROBABILITY;GAP-METHOD-REUSABLE-AGE-TOKEN-CATASTROPHIC-BREACH-PROBABILITY,True,1.25,0.1185811897448725,P3-low,Stress-test correlated or catastrophic compromise separately from routine exposure.
methods.document_upload.centralized_record_fraction,centralized_record_fraction,0.1544716514737567,0.0036757035755342815,1,8,method,document_upload,centralized_record_fraction,official_guidance,ASSUMP-METHOD-DOCUMENT-UPLOAD-CENTRALIZED-RECORD-FRACTION;GAP-METHOD-DOCUMENT-UPLOAD-CENTRALIZED-RECORD-FRACTION;OPC-AA-PROPORTIONALITY-2026;OPC-AA-MINIMIZATION-APPEAL-2026,True,0.75,0.11585373860531752,P3-low,Measure what fraction of records are centralized or linkable across relying parties.
methods.document_upload.higher_friction_false_rejection_multiplier,higher_friction_false_rejection_multiplier,0.08898615836925847,0.0031002988318001197,1,8,method,document_upload,higher_friction_false_rejection_multiplier,explicit_gap,ASSUMP-METHOD-DOCUMENT-UPLOAD-HIGHER-FRICTION-FALSE-REJECTION-MULTIPLIER;GAP-METHOD-DOCUMENT-UPLOAD-HIGHER-FRICTION-FALSE-REJECTION-MULTIPLIER,True,1.25,0.11123269796157309,P3-low,"Find direct, jurisdiction-matched evidence for this modeled parameter."
methods.facial_age_estimation.catastrophic_breach_probability,catastrophic_breach_probability,0.08563759105620704,0.002129277787475711,1,8,method,facial_age_estimation,catastrophic_breach_probability,explicit_gap,ASSUMP-METHOD-FACIAL-AGE-ESTIMATION-CATASTROPHIC-BREACH-PROBABILITY;GAP-METHOD-FACIAL-AGE-ESTIMATION-CATASTROPHIC-BREACH-PROBABILITY,True,1.25,0.1070469888202588,P3-low,Stress-test correlated or catastrophic compromise separately from routine exposure.
methods.document_upload.catastrophic_breach_probability,catastrophic_breach_probability,0.07954626507969052,0.0028762218733424895,1,8,method,document_upload,catastrophic_breach_probability,explicit_gap,ASSUMP-METHOD-DOCUMENT-UPLOAD-CATASTROPHIC-BREACH-PROBABILITY;GAP-METHOD-DOCUMENT-UPLOAD-CATASTROPHIC-BREACH-PROBABILITY,True,1.25,0.09943283134961316,P3-low,Stress-test correlated or catastrophic compromise separately from routine exposure.
methods.in_person_enrolment.minor_detection_rate,minor_detection_rate,0.07511605233302243,0.0011807971115923189,1,8,method,in_person_enrolment,minor_detection_rate,explicit_gap,ASSUMP-METHOD-IN-PERSON-ENROLMENT-MINOR-DETECTION-RATE;GAP-METHOD-IN-PERSON-ENROLMENT-MINOR-DETECTION-RATE,True,1.25,0.09389506541627804,P3-low,Measure initial underage detection under a defined policy and operating workflow.
methods.visual_estimation.variable_cost_per_check,variable_cost_per_check,0.09362393040365757,0.0028567386617186956,1,5,method,visual_estimation,variable_cost_per_check,context_only,ASSUMP-METHOD-VISUAL-ESTIMATION-VARIABLE-COST-PER-CHECK;GAP-METHOD-VISUAL-ESTIMATION-VARIABLE-COST-PER-CHECK;QC-MIN-WAGE-2026,True,1.0,0.09362393040365757,P3-low,"Measure transaction-level labour, delay, support, and service fees."
methods.in_person_enrolment.adult_false_rejection_rate,adult_false_rejection_rate,0.07406263294757706,0.008417643266071057,1,8,method,in_person_enrolment,adult_false_rejection_rate,explicit_gap,ASSUMP-METHOD-IN-PERSON-ENROLMENT-ADULT-FALSE-REJECTION-RATE;GAP-METHOD-IN-PERSON-ENROLMENT-ADULT-FALSE-REJECTION-RATE,True,1.25,0.09257829118447133,P3-low,"Measure lawful-adult false rejection using the actual threshold, devices, images, documents, and appeal process."
methods.photo_id_visual.variable_cost_per_identity_proof,variable_cost_per_identity_proof,0.0791889979709716,0.005178065240695226,1,5,method,photo_id_visual,variable_cost_per_identity_proof,context_only,ASSUMP-METHOD-PHOTO-ID-VISUAL-VARIABLE-COST-PER-IDENTITY-PROOF;GAP-METHOD-PHOTO-ID-VISUAL-VARIABLE-COST-PER-IDENTITY-PROOF;QC-MIN-WAGE-2026,True,1.0,0.0791889979709716,P3-low,"Measure incremental cost of document, biometric, or in-person proofing."
methods.visual_estimation.higher_friction_abandonment_multiplier,higher_friction_abandonment_multiplier,0.08582652164751463,0.005782826149545131,1,5,method,visual_estimation,higher_friction_abandonment_multiplier,official_guidance,ASSUMP-METHOD-VISUAL-ESTIMATION-HIGHER-FRICTION-ABANDONMENT-MULTIPLIER;GAP-METHOD-VISUAL-ESTIMATION-HIGHER-FRICTION-ABANDONMENT-MULTIPLIER;W3C-WCAG22-AUTH-3-3-8,True,0.75,0.06436989123563597,P3-low,"Find direct, jurisdiction-matched evidence for this modeled parameter."
methods.in_person_enrolment.catastrophic_exposure_fraction,catastrophic_exposure_fraction,0.05015286157257315,0.001647082299490833,1,8,method,in_person_enrolment,catastrophic_exposure_fraction,explicit_gap,ASSUMP-METHOD-IN-PERSON-ENROLMENT-CATASTROPHIC-EXPOSURE-FRACTION;GAP-METHOD-IN-PERSON-ENROLMENT-CATASTROPHIC-EXPOSURE-FRACTION,True,1.25,0.06269107696571644,P3-low,Estimate the fraction of centralized records exposed in a severe incident.
methods.document_upload.variable_cost_per_check,variable_cost_per_check,0.062452435246484986,0.004929036710259615,1,8,method,document_upload,variable_cost_per_check,context_only,ASSUMP-METHOD-DOCUMENT-UPLOAD-VARIABLE-COST-PER-CHECK;GAP-METHOD-DOCUMENT-UPLOAD-VARIABLE-COST-PER-CHECK;QC-MIN-WAGE-2026,True,1.0,0.062452435246484986,P3-low,"Measure transaction-level labour, delay, support, and service fees."
methods.document_upload.identity_proofing_rate,identity_proofing_rate,0.11154337077693736,0.009003847495153539,1,8,method,document_upload,identity_proofing_rate,legal_fact,ASSUMP-METHOD-DOCUMENT-UPLOAD-IDENTITY-PROOFING-RATE;GAP-METHOD-DOCUMENT-UPLOAD-IDENTITY-PROOFING-RATE;LEGAL-QC-BILL9-REMOTE-SALES,True,0.55,0.06134885392731555,P3-low,Measure how often a transaction invokes full identity proofing rather than a reusable age assertion.
methods.reusable_age_token.catastrophic_exposure_fraction,catastrophic_exposure_fraction,0.04841195414310878,0.0020136436419734578,1,8,method,reusable_age_token,catastrophic_exposure_fraction,explicit_gap,ASSUMP-METHOD-REUSABLE-AGE-TOKEN-CATASTROPHIC-EXPOSURE-FRACTION;GAP-METHOD-REUSABLE-AGE-TOKEN-CATASTROPHIC-EXPOSURE-FRACTION,True,1.25,0.06051494267888598,P3-low,Estimate the fraction of centralized records exposed in a severe incident.
methods.self_declaration.variable_cost_per_check,variable_cost_per_check,0.060081540563936615,0.002601104837072442,1,5,method,self_declaration,variable_cost_per_check,context_only,ASSUMP-METHOD-SELF-DECLARATION-VARIABLE-COST-PER-CHECK;GAP-METHOD-SELF-DECLARATION-VARIABLE-COST-PER-CHECK;QC-MIN-WAGE-2026,True,1.0,0.060081540563936615,P3-low,"Measure transaction-level labour, delay, support, and service fees."
methods.facial_age_estimation.variable_cost_per_check,variable_cost_per_check,0.055181174463064475,0.0019855658419942264,1,8,method,facial_age_estimation,variable_cost_per_check,context_only,ASSUMP-METHOD-FACIAL-AGE-ESTIMATION-VARIABLE-COST-PER-CHECK;GAP-METHOD-FACIAL-AGE-ESTIMATION-VARIABLE-COST-PER-CHECK;QC-MIN-WAGE-2026,True,1.0,0.055181174463064475,P3-low,"Measure transaction-level labour, delay, support, and service fees."
methods.reusable_age_token.verification_check_rate,verification_check_rate,0.09841863073450345,0.011229203414763682,1,8,method,reusable_age_token,verification_check_rate,legal_fact,ASSUMP-METHOD-REUSABLE-AGE-TOKEN-VERIFICATION-CHECK-RATE;GAP-METHOD-REUSABLE-AGE-TOKEN-VERIFICATION-CHECK-RATE;LEGAL-QC-BILL9-REMOTE-SALES,True,0.55,0.0541302469039769,P3-low,Measure how often sellers challenge customers under the actual challenge policy.
methods.photo_id_visual.variable_cost_per_check,variable_cost_per_check,0.044776680868662676,0.004448838390771536,1,5,method,photo_id_visual,variable_cost_per_check,context_only,ASSUMP-METHOD-PHOTO-ID-VISUAL-VARIABLE-COST-PER-CHECK;GAP-METHOD-PHOTO-ID-VISUAL-VARIABLE-COST-PER-CHECK;QC-MIN-WAGE-2026,True,1.0,0.044776680868662676,P3-low,"Measure transaction-level labour, delay, support, and service fees."
methods.in_person_enrolment.verification_check_rate,verification_check_rate,0.07930786079773916,0.009183907483993564,1,8,method,in_person_enrolment,verification_check_rate,legal_fact,ASSUMP-METHOD-IN-PERSON-ENROLMENT-VERIFICATION-CHECK-RATE;GAP-METHOD-IN-PERSON-ENROLMENT-VERIFICATION-CHECK-RATE;LEGAL-QC-BILL9-REMOTE-SALES,True,0.55,0.04361932343875654,P3-low,Measure how often sellers challenge customers under the actual challenge policy.
methods.document_upload.verification_check_rate,verification_check_rate,0.0744632359314493,0.012254984128181995,1,8,method,document_upload,verification_check_rate,legal_fact,ASSUMP-METHOD-DOCUMENT-UPLOAD-VERIFICATION-CHECK-RATE;GAP-METHOD-DOCUMENT-UPLOAD-VERIFICATION-CHECK-RATE;LEGAL-QC-BILL9-REMOTE-SALES,True,0.55,0.04095477976229712,P3-low,Measure how often sellers challenge customers under the actual challenge policy.
methods.facial_age_estimation.catastrophic_exposure_fraction,catastrophic_exposure_fraction,0.03185951321930381,0.0026583633970153455,1,8,method,facial_age_estimation,catastrophic_exposure_fraction,explicit_gap,ASSUMP-METHOD-FACIAL-AGE-ESTIMATION-CATASTROPHIC-EXPOSURE-FRACTION;GAP-METHOD-FACIAL-AGE-ESTIMATION-CATASTROPHIC-EXPOSURE-FRACTION,True,1.25,0.03982439152412976,P3-low,Estimate the fraction of centralized records exposed in a severe incident.
methods.self_declaration.higher_friction_false_rejection_multiplier,higher_friction_false_rejection_multiplier,0.030875385861278158,0.004608684524371473,1,5,method,self_declaration,higher_friction_false_rejection_multiplier,explicit_gap,ASSUMP-METHOD-SELF-DECLARATION-HIGHER-FRICTION-FALSE-REJECTION-MULTIPLIER;GAP-METHOD-SELF-DECLARATION-HIGHER-FRICTION-FALSE-REJECTION-MULTIPLIER,True,1.25,0.0385942323265977,P3-low,"Find direct, jurisdiction-matched evidence for this modeled parameter."
methods.visual_estimation.verification_check_rate,verification_check_rate,0.03023719566316688,0.0016588823496875532,1,5,method,visual_estimation,verification_check_rate,explicit_gap,ASSUMP-METHOD-VISUAL-ESTIMATION-VERIFICATION-CHECK-RATE;GAP-METHOD-VISUAL-ESTIMATION-VERIFICATION-CHECK-RATE,True,1.25,0.0377964945789586,P3-low,Measure how often sellers challenge customers under the actual challenge policy.
methods.in_person_enrolment.variable_cost_per_check,variable_cost_per_check,0.03350147559413659,0.005163065034433227,1,8,method,in_person_enrolment,variable_cost_per_check,context_only,ASSUMP-METHOD-IN-PERSON-ENROLMENT-VARIABLE-COST-PER-CHECK;GAP-METHOD-IN-PERSON-ENROLMENT-VARIABLE-COST-PER-CHECK;QC-MIN-WAGE-2026,True,1.0,0.03350147559413659,P3-low,"Measure transaction-level labour, delay, support, and service fees."
methods.document_upload.catastrophic_exposure_fraction,catastrophic_exposure_fraction,0.02551771665027109,0.0036670678741708273,1,8,method,document_upload,catastrophic_exposure_fraction,explicit_gap,ASSUMP-METHOD-DOCUMENT-UPLOAD-CATASTROPHIC-EXPOSURE-FRACTION;GAP-METHOD-DOCUMENT-UPLOAD-CATASTROPHIC-EXPOSURE-FRACTION,True,1.25,0.03189714581283886,P3-low,Estimate the fraction of centralized records exposed in a severe incident.
methods.reusable_age_token.variable_cost_per_identity_proof,variable_cost_per_identity_proof,0.031036220642622493,0.0024675912798990366,1,8,method,reusable_age_token,variable_cost_per_identity_proof,context_only,ASSUMP-METHOD-REUSABLE-AGE-TOKEN-VARIABLE-COST-PER-IDENTITY-PROOF;GAP-METHOD-REUSABLE-AGE-TOKEN-VARIABLE-COST-PER-IDENTITY-PROOF;QC-MIN-WAGE-2026,True,1.0,0.031036220642622493,P3-low,"Measure incremental cost of document, biometric, or in-person proofing."
methods.reusable_age_token.variable_cost_per_check,variable_cost_per_check,0.027879338807247737,0.004713935685949575,1,8,method,reusable_age_token,variable_cost_per_check,context_only,ASSUMP-METHOD-REUSABLE-AGE-TOKEN-VARIABLE-COST-PER-CHECK;GAP-METHOD-REUSABLE-AGE-TOKEN-VARIABLE-COST-PER-CHECK;QC-MIN-WAGE-2026,True,1.0,0.027879338807247737,P3-low,"Measure transaction-level labour, delay, support, and service fees."
methods.facial_age_estimation.identity_proofing_rate,identity_proofing_rate,0.042092899371685165,0.008590608595948245,1,8,method,facial_age_estimation,identity_proofing_rate,legal_fact,ASSUMP-METHOD-FACIAL-AGE-ESTIMATION-IDENTITY-PROOFING-RATE;GAP-METHOD-FACIAL-AGE-ESTIMATION-IDENTITY-PROOFING-RATE;LEGAL-QC-BILL9-REMOTE-SALES,True,0.55,0.023151094654426843,P3-low,Measure how often a transaction invokes full identity proofing rather than a reusable age assertion.
methods.facial_age_estimation.verification_check_rate,verification_check_rate,0.035718864464431545,0.013411964961684786,1,8,method,facial_age_estimation,verification_check_rate,legal_fact,ASSUMP-METHOD-FACIAL-AGE-ESTIMATION-VERIFICATION-CHECK-RATE;GAP-METHOD-FACIAL-AGE-ESTIMATION-VERIFICATION-CHECK-RATE;LEGAL-QC-BILL9-REMOTE-SALES,True,0.55,0.01964537545543735,P3-low,Measure how often sellers challenge customers under the actual challenge policy.
methods.photo_id_visual.verification_check_rate,verification_check_rate,0.03441928340951172,0.004860855368184342,1,5,method,photo_id_visual,verification_check_rate,legal_fact,ASSUMP-METHOD-PHOTO-ID-VISUAL-VERIFICATION-CHECK-RATE;GAP-METHOD-PHOTO-ID-VISUAL-VERIFICATION-CHECK-RATE;LEGAL-QC-BILL9-PHOTO-ID,True,0.55,0.018930605875231446,P3-low,Measure how often sellers challenge customers under the actual challenge policy.
methods.reusable_age_token.biometric_scans_per_identity_proof,biometric_scans_per_identity_proof,0.012778205278583284,0.004611791864948717,1,8,method,reusable_age_token,biometric_scans_per_identity_proof,explicit_gap,ASSUMP-METHOD-REUSABLE-AGE-TOKEN-BIOMETRIC-SCANS-PER-IDENTITY-PROOF;GAP-METHOD-REUSABLE-AGE-TOKEN-BIOMETRIC-SCANS-PER-IDENTITY-PROOF,True,1.25,0.015972756598229106,P3-low,Verify whether biometric templates or inferences are generated and how often.
methods.in_person_enrolment.higher_friction_false_rejection_multiplier,higher_friction_false_rejection_multiplier,0.012652029237284814,0.004773727723813492,1,8,method,in_person_enrolment,higher_friction_false_rejection_multiplier,explicit_gap,ASSUMP-METHOD-IN-PERSON-ENROLMENT-HIGHER-FRICTION-FALSE-REJECTION-MULTIPLIER;GAP-METHOD-IN-PERSON-ENROLMENT-HIGHER-FRICTION-FALSE-REJECTION-MULTIPLIER,True,1.25,0.01581503654660602,P3-low,"Find direct, jurisdiction-matched evidence for this modeled parameter."
methods.facial_age_estimation.biometric_scans_per_identity_proof,biometric_scans_per_identity_proof,0.01110529794194612,0.0075183011142073205,1,8,method,facial_age_estimation,biometric_scans_per_identity_proof,explicit_gap,ASSUMP-METHOD-FACIAL-AGE-ESTIMATION-BIOMETRIC-SCANS-PER-IDENTITY-PROOF;GAP-METHOD-FACIAL-AGE-ESTIMATION-BIOMETRIC-SCANS-PER-IDENTITY-PROOF,True,1.25,0.01388162242743265,P3-low,Verify whether biometric templates or inferences are generated and how often.
methods.document_upload.transient_images_per_identity_proof,transient_images_per_identity_proof,0.009544261571113707,0.0015172394782868959,1,8,method,document_upload,transient_images_per_identity_proof,explicit_gap,ASSUMP-METHOD-DOCUMENT-UPLOAD-TRANSIENT-IMAGES-PER-IDENTITY-PROOF;GAP-METHOD-DOCUMENT-UPLOAD-TRANSIENT-IMAGES-PER-IDENTITY-PROOF,True,1.25,0.011930326963892134,P3-low,Document whether identity or face images are processed transiently even when not retained.
methods.in_person_enrolment.transient_images_per_identity_proof,transient_images_per_identity_proof,0.007341577903064632,0.0020064390349785756,1,8,method,in_person_enrolment,transient_images_per_identity_proof,explicit_gap,ASSUMP-METHOD-IN-PERSON-ENROLMENT-TRANSIENT-IMAGES-PER-IDENTITY-PROOF;GAP-METHOD-IN-PERSON-ENROLMENT-TRANSIENT-IMAGES-PER-IDENTITY-PROOF,True,1.25,0.00917697237883079,P3-low,Document whether identity or face images are processed transiently even when not retained.
methods.document_upload.biometric_scans_per_identity_proof,biometric_scans_per_identity_proof,0.007267433560058973,0.003796710828846685,1,8,method,document_upload,biometric_scans_per_identity_proof,explicit_gap,ASSUMP-METHOD-DOCUMENT-UPLOAD-BIOMETRIC-SCANS-PER-IDENTITY-PROOF;GAP-METHOD-DOCUMENT-UPLOAD-BIOMETRIC-SCANS-PER-IDENTITY-PROOF,True,1.25,0.009084291950073717,P3-low,Verify whether biometric templates or inferences are generated and how often.
methods.self_declaration.verification_check_rate,verification_check_rate,0.006926853806290742,0.0033319882606927956,1,5,method,self_declaration,verification_check_rate,explicit_gap,ASSUMP-METHOD-SELF-DECLARATION-VERIFICATION-CHECK-RATE;GAP-METHOD-SELF-DECLARATION-VERIFICATION-CHECK-RATE,True,1.25,0.008658567257863427,P3-low,Measure how often sellers challenge customers under the actual challenge policy.
methods.reusable_age_token.transient_images_per_identity_proof,transient_images_per_identity_proof,0.006797882874463153,0.003188162938539266,1,8,method,reusable_age_token,transient_images_per_identity_proof,explicit_gap,ASSUMP-METHOD-REUSABLE-AGE-TOKEN-TRANSIENT-IMAGES-PER-IDENTITY-PROOF;GAP-METHOD-REUSABLE-AGE-TOKEN-TRANSIENT-IMAGES-PER-IDENTITY-PROOF,True,1.25,0.008497353593078941,P3-low,Document whether identity or face images are processed transiently even when not retained.
methods.self_declaration.record_retention_years,record_retention_years,0.010035432641646174,0.0025214734524965894,1,5,method,self_declaration,record_retention_years,official_guidance,ASSUMP-METHOD-SELF-DECLARATION-RECORD-RETENTION-YEARS;GAP-METHOD-SELF-DECLARATION-RECORD-RETENTION-YEARS;OPC-AA-MINIMIZATION-APPEAL-2026,True,0.75,0.0075265744812346306,P3-low,"Document contractual, technical, and legal retention periods."
methods.in_person_enrolment.third_party_disclosures_per_identity_proof,third_party_disclosures_per_identity_proof,0.009367213378274886,0.0023622480569608995,1,8,method,in_person_enrolment,third_party_disclosures_per_identity_proof,official_guidance,ASSUMP-METHOD-IN-PERSON-ENROLMENT-THIRD-PARTY-DISCLOSURES-PER-IDENTITY-PROOF;GAP-METHOD-IN-PERSON-ENROLMENT-THIRD-PARTY-DISCLOSURES-PER-IDENTITY-PROOF;OPC-AA-MINIMIZATION-APPEAL-2026,True,0.75,0.007025410033706165,P3-low,Map every organization receiving identity information during proofing.
methods.reusable_age_token.third_party_disclosures_per_identity_proof,third_party_disclosures_per_identity_proof,0.009285568187106227,0.004118107686303243,1,8,method,reusable_age_token,third_party_disclosures_per_identity_proof,official_guidance,ASSUMP-METHOD-REUSABLE-AGE-TOKEN-THIRD-PARTY-DISCLOSURES-PER-IDENTITY-PROOF;GAP-METHOD-REUSABLE-AGE-TOKEN-THIRD-PARTY-DISCLOSURES-PER-IDENTITY-PROOF;OPC-AA-MINIMIZATION-APPEAL-2026,True,0.75,0.0069641761403296705,P3-low,Map every organization receiving identity information during proofing.
methods.self_declaration.annual_breach_probability,annual_breach_probability,0.005373444998341378,0.0037463469253065386,1,5,method,self_declaration,annual_breach_probability,explicit_gap,ASSUMP-METHOD-SELF-DECLARATION-ANNUAL-BREACH-PROBABILITY;GAP-METHOD-SELF-DECLARATION-ANNUAL-BREACH-PROBABILITY,True,1.25,0.006716806247926723,P3-low,Estimate routine breach likelihood using comparable systems and security architecture.
methods.reusable_age_token.age_assertions_per_check,age_assertions_per_check,0.00867027415124411,0.001756739694078696,1,8,method,reusable_age_token,age_assertions_per_check,official_guidance,ASSUMP-METHOD-REUSABLE-AGE-TOKEN-AGE-ASSERTIONS-PER-CHECK;GAP-METHOD-REUSABLE-AGE-TOKEN-AGE-ASSERTIONS-PER-CHECK;OPC-AA-MINIMIZATION-APPEAL-2026;NIST-SP800-63-4-2025,True,0.75,0.006502705613433082,P3-low,Measure unlinkable or linkable age-token presentations per transaction.
methods.in_person_enrolment.biometric_scans_per_identity_proof,biometric_scans_per_identity_proof,0.004844071485809629,0.0013967106385266842,1,8,method,in_person_enrolment,biometric_scans_per_identity_proof,explicit_gap,ASSUMP-METHOD-IN-PERSON-ENROLMENT-BIOMETRIC-SCANS-PER-IDENTITY-PROOF;GAP-METHOD-IN-PERSON-ENROLMENT-BIOMETRIC-SCANS-PER-IDENTITY-PROOF,True,1.25,0.0060550893572620355,P3-low,Verify whether biometric templates or inferences are generated and how often.
methods.facial_age_estimation.third_party_disclosures_per_identity_proof,third_party_disclosures_per_identity_proof,0.007038769035679508,0.0039193636705757455,1,8,method,facial_age_estimation,third_party_disclosures_per_identity_proof,official_guidance,ASSUMP-METHOD-FACIAL-AGE-ESTIMATION-THIRD-PARTY-DISCLOSURES-PER-IDENTITY-PROOF;GAP-METHOD-FACIAL-AGE-ESTIMATION-THIRD-PARTY-DISCLOSURES-PER-IDENTITY-PROOF;OPC-AA-MINIMIZATION-APPEAL-2026,True,0.75,0.005279076776759631,P3-low,Map every organization receiving identity information during proofing.
methods.document_upload.third_party_disclosures_per_identity_proof,third_party_disclosures_per_identity_proof,0.006572188697028876,0.0019010114442164047,1,8,method,document_upload,third_party_disclosures_per_identity_proof,official_guidance,ASSUMP-METHOD-DOCUMENT-UPLOAD-THIRD-PARTY-DISCLOSURES-PER-IDENTITY-PROOF;GAP-METHOD-DOCUMENT-UPLOAD-THIRD-PARTY-DISCLOSURES-PER-IDENTITY-PROOF;OPC-AA-MINIMIZATION-APPEAL-2026,True,0.75,0.004929141522771657,P3-low,Map every organization receiving identity information during proofing.
methods.self_declaration.centralized_record_fraction,centralized_record_fraction,0.006127545691251019,0.003176917854742767,1,5,method,self_declaration,centralized_record_fraction,official_guidance,ASSUMP-METHOD-SELF-DECLARATION-CENTRALIZED-RECORD-FRACTION;GAP-METHOD-SELF-DECLARATION-CENTRALIZED-RECORD-FRACTION;OPC-AA-PROPORTIONALITY-2026;OPC-AA-MINIMIZATION-APPEAL-2026,True,0.75,0.004595659268438264,P3-low,Measure what fraction of records are centralized or linkable across relying parties.
methods.in_person_enrolment.age_assertions_per_check,age_assertions_per_check,0.006054391863573757,0.002499527270871811,1,8,method,in_person_enrolment,age_assertions_per_check,official_guidance,ASSUMP-METHOD-IN-PERSON-ENROLMENT-AGE-ASSERTIONS-PER-CHECK;GAP-METHOD-IN-PERSON-ENROLMENT-AGE-ASSERTIONS-PER-CHECK;OPC-AA-MINIMIZATION-APPEAL-2026,True,0.75,0.004540793897680318,P3-low,Measure unlinkable or linkable age-token presentations per transaction.
