scope,method_id,parameter,parameter_key,low,mode,high,evidence_ids,evidence_count,missing_evidence_ids,coverage_class,direct_empirical_count,contextual_count,assumption_count,gap_count,needs_research
method,document_upload,adult_abandonment_rate,methods.document_upload.adult_abandonment_rate,0.07,0.14,0.28,ASSUMP-METHOD-DOCUMENT-UPLOAD-ADULT-ABANDONMENT-RATE;GAP-METHOD-DOCUMENT-UPLOAD-ADULT-ABANDONMENT-RATE;W3C-WCAG22-AUTH-3-3-8,3,,official_guidance,0,0,1,1,True
method,document_upload,adult_false_rejection_rate,methods.document_upload.adult_false_rejection_rate,0.015,0.04,0.1,ASSUMP-METHOD-DOCUMENT-UPLOAD-ADULT-FALSE-REJECTION-RATE;GAP-METHOD-DOCUMENT-UPLOAD-ADULT-FALSE-REJECTION-RATE,2,,explicit_gap,0,0,1,1,True
method,document_upload,age_assertions_per_check,methods.document_upload.age_assertions_per_check,0.0,0.0,0.0,ASSUMP-METHOD-DOCUMENT-UPLOAD-AGE-ASSERTIONS-PER-CHECK;GAP-METHOD-DOCUMENT-UPLOAD-AGE-ASSERTIONS-PER-CHECK;OPC-AA-MINIMIZATION-APPEAL-2026,3,,official_guidance,0,0,1,1,True
method,document_upload,annual_breach_probability,methods.document_upload.annual_breach_probability,0.002,0.015,0.05,ASSUMP-METHOD-DOCUMENT-UPLOAD-ANNUAL-BREACH-PROBABILITY;GAP-METHOD-DOCUMENT-UPLOAD-ANNUAL-BREACH-PROBABILITY,2,,explicit_gap,0,0,1,1,True
method,document_upload,biometric_scans_per_identity_proof,methods.document_upload.biometric_scans_per_identity_proof,0.0,0.0,0.5,ASSUMP-METHOD-DOCUMENT-UPLOAD-BIOMETRIC-SCANS-PER-IDENTITY-PROOF;GAP-METHOD-DOCUMENT-UPLOAD-BIOMETRIC-SCANS-PER-IDENTITY-PROOF,2,,explicit_gap,0,0,1,1,True
method,document_upload,catastrophic_breach_probability,methods.document_upload.catastrophic_breach_probability,0.0001,0.001,0.01,ASSUMP-METHOD-DOCUMENT-UPLOAD-CATASTROPHIC-BREACH-PROBABILITY;GAP-METHOD-DOCUMENT-UPLOAD-CATASTROPHIC-BREACH-PROBABILITY,2,,explicit_gap,0,0,1,1,True
method,document_upload,catastrophic_exposure_fraction,methods.document_upload.catastrophic_exposure_fraction,0.25,0.75,1.0,ASSUMP-METHOD-DOCUMENT-UPLOAD-CATASTROPHIC-EXPOSURE-FRACTION;GAP-METHOD-DOCUMENT-UPLOAD-CATASTROPHIC-EXPOSURE-FRACTION,2,,explicit_gap,0,0,1,1,True
method,document_upload,centralized_record_fraction,methods.document_upload.centralized_record_fraction,0.6,0.9,1.0,ASSUMP-METHOD-DOCUMENT-UPLOAD-CENTRALIZED-RECORD-FRACTION;GAP-METHOD-DOCUMENT-UPLOAD-CENTRALIZED-RECORD-FRACTION;OPC-AA-PROPORTIONALITY-2026;OPC-AA-MINIMIZATION-APPEAL-2026,4,,official_guidance,0,0,1,1,True
method,document_upload,fixed_annual_cost,methods.document_upload.fixed_annual_cost,25000.0,60000.0,160000.0,ASSUMP-METHOD-DOCUMENT-UPLOAD-FIXED-ANNUAL-COST;GAP-METHOD-DOCUMENT-UPLOAD-FIXED-ANNUAL-COST,2,,explicit_gap,0,0,1,1,True
method,document_upload,higher_friction_abandonment_multiplier,methods.document_upload.higher_friction_abandonment_multiplier,2.0,3.5,6.0,ASSUMP-METHOD-DOCUMENT-UPLOAD-HIGHER-FRICTION-ABANDONMENT-MULTIPLIER;GAP-METHOD-DOCUMENT-UPLOAD-HIGHER-FRICTION-ABANDONMENT-MULTIPLIER;W3C-WCAG22-AUTH-3-3-8,3,,official_guidance,0,0,1,1,True
method,document_upload,higher_friction_false_rejection_multiplier,methods.document_upload.higher_friction_false_rejection_multiplier,2.5,4.0,7.0,ASSUMP-METHOD-DOCUMENT-UPLOAD-HIGHER-FRICTION-FALSE-REJECTION-MULTIPLIER;GAP-METHOD-DOCUMENT-UPLOAD-HIGHER-FRICTION-FALSE-REJECTION-MULTIPLIER,2,,explicit_gap,0,0,1,1,True
method,document_upload,identity_proofing_rate,methods.document_upload.identity_proofing_rate,0.85,1.0,1.0,ASSUMP-METHOD-DOCUMENT-UPLOAD-IDENTITY-PROOFING-RATE;GAP-METHOD-DOCUMENT-UPLOAD-IDENTITY-PROOFING-RATE;LEGAL-QC-BILL9-REMOTE-SALES,3,,legal_fact,0,0,1,1,True
method,document_upload,minor_circumvention_rate,methods.document_upload.minor_circumvention_rate,0.08,0.2,0.38,ASSUMP-METHOD-DOCUMENT-UPLOAD-MINOR-CIRCUMVENTION-RATE;GAP-METHOD-DOCUMENT-UPLOAD-MINOR-CIRCUMVENTION-RATE,2,,explicit_gap,0,0,1,1,True
method,document_upload,minor_detection_rate,methods.document_upload.minor_detection_rate,0.9,0.97,0.995,ASSUMP-METHOD-DOCUMENT-UPLOAD-MINOR-DETECTION-RATE;GAP-METHOD-DOCUMENT-UPLOAD-MINOR-DETECTION-RATE,2,,explicit_gap,0,0,1,1,True
method,document_upload,minor_substitution_rate,methods.document_upload.minor_substitution_rate,0.15,0.4,0.7,ASSUMP-METHOD-DOCUMENT-UPLOAD-MINOR-SUBSTITUTION-RATE;GAP-METHOD-DOCUMENT-UPLOAD-MINOR-SUBSTITUTION-RATE;INSPQ-QC-SUBSTITUTION-WARNING-2026,3,,context_only,0,1,1,1,True
method,document_upload,record_retention_years,methods.document_upload.record_retention_years,0.25,1.0,5.0,ASSUMP-METHOD-DOCUMENT-UPLOAD-RECORD-RETENTION-YEARS;GAP-METHOD-DOCUMENT-UPLOAD-RECORD-RETENTION-YEARS;OPC-AA-MINIMIZATION-APPEAL-2026,3,,official_guidance,0,0,1,1,True
method,document_upload,records_per_identity_proof,methods.document_upload.records_per_identity_proof,0.5,1.0,2.0,ASSUMP-METHOD-DOCUMENT-UPLOAD-RECORDS-PER-IDENTITY-PROOF;GAP-METHOD-DOCUMENT-UPLOAD-RECORDS-PER-IDENTITY-PROOF;OPC-AA-PROPORTIONALITY-2026;OPC-AA-MINIMIZATION-APPEAL-2026,4,,official_guidance,0,0,1,1,True
method,document_upload,third_party_disclosures_per_identity_proof,methods.document_upload.third_party_disclosures_per_identity_proof,1.0,1.0,2.0,ASSUMP-METHOD-DOCUMENT-UPLOAD-THIRD-PARTY-DISCLOSURES-PER-IDENTITY-PROOF;GAP-METHOD-DOCUMENT-UPLOAD-THIRD-PARTY-DISCLOSURES-PER-IDENTITY-PROOF;OPC-AA-MINIMIZATION-APPEAL-2026,3,,official_guidance,0,0,1,1,True
method,document_upload,transient_images_per_identity_proof,methods.document_upload.transient_images_per_identity_proof,1.0,1.0,2.0,ASSUMP-METHOD-DOCUMENT-UPLOAD-TRANSIENT-IMAGES-PER-IDENTITY-PROOF;GAP-METHOD-DOCUMENT-UPLOAD-TRANSIENT-IMAGES-PER-IDENTITY-PROOF,2,,explicit_gap,0,0,1,1,True
method,document_upload,variable_cost_per_check,methods.document_upload.variable_cost_per_check,0.05,0.15,0.4,ASSUMP-METHOD-DOCUMENT-UPLOAD-VARIABLE-COST-PER-CHECK;GAP-METHOD-DOCUMENT-UPLOAD-VARIABLE-COST-PER-CHECK;QC-MIN-WAGE-2026,3,,context_only,0,1,1,1,True
method,document_upload,variable_cost_per_identity_proof,methods.document_upload.variable_cost_per_identity_proof,0.25,0.6,1.25,ASSUMP-METHOD-DOCUMENT-UPLOAD-VARIABLE-COST-PER-IDENTITY-PROOF;GAP-METHOD-DOCUMENT-UPLOAD-VARIABLE-COST-PER-IDENTITY-PROOF;QC-MIN-WAGE-2026,3,,context_only,0,1,1,1,True
method,document_upload,verification_check_rate,methods.document_upload.verification_check_rate,0.9,1.0,1.0,ASSUMP-METHOD-DOCUMENT-UPLOAD-VERIFICATION-CHECK-RATE;GAP-METHOD-DOCUMENT-UPLOAD-VERIFICATION-CHECK-RATE;LEGAL-QC-BILL9-REMOTE-SALES,3,,legal_fact,0,0,1,1,True
method,facial_age_estimation,adult_abandonment_rate,methods.facial_age_estimation.adult_abandonment_rate,0.03,0.07,0.17,ASSUMP-METHOD-FACIAL-AGE-ESTIMATION-ADULT-ABANDONMENT-RATE;GAP-METHOD-FACIAL-AGE-ESTIMATION-ADULT-ABANDONMENT-RATE;W3C-WCAG22-AUTH-3-3-8,3,,official_guidance,0,0,1,1,True
method,facial_age_estimation,adult_false_rejection_rate,methods.facial_age_estimation.adult_false_rejection_rate,0.025,0.07,0.16,ASSUMP-METHOD-FACIAL-AGE-ESTIMATION-ADULT-FALSE-REJECTION-RATE;GAP-METHOD-FACIAL-AGE-ESTIMATION-ADULT-FALSE-REJECTION-RATE;NIST-FATE-AEV-ONGOING-2026,3,,context_only,0,1,1,1,True
method,facial_age_estimation,age_assertions_per_check,methods.facial_age_estimation.age_assertions_per_check,0.0,0.0,0.0,ASSUMP-METHOD-FACIAL-AGE-ESTIMATION-AGE-ASSERTIONS-PER-CHECK;GAP-METHOD-FACIAL-AGE-ESTIMATION-AGE-ASSERTIONS-PER-CHECK;OPC-AA-MINIMIZATION-APPEAL-2026,3,,official_guidance,0,0,1,1,True
method,facial_age_estimation,annual_breach_probability,methods.facial_age_estimation.annual_breach_probability,0.001,0.01,0.04,ASSUMP-METHOD-FACIAL-AGE-ESTIMATION-ANNUAL-BREACH-PROBABILITY;GAP-METHOD-FACIAL-AGE-ESTIMATION-ANNUAL-BREACH-PROBABILITY,2,,explicit_gap,0,0,1,1,True
method,facial_age_estimation,biometric_scans_per_identity_proof,methods.facial_age_estimation.biometric_scans_per_identity_proof,0.9,1.0,1.0,ASSUMP-METHOD-FACIAL-AGE-ESTIMATION-BIOMETRIC-SCANS-PER-IDENTITY-PROOF;GAP-METHOD-FACIAL-AGE-ESTIMATION-BIOMETRIC-SCANS-PER-IDENTITY-PROOF,2,,explicit_gap,0,0,1,1,True
method,facial_age_estimation,catastrophic_breach_probability,methods.facial_age_estimation.catastrophic_breach_probability,0.0001,0.001,0.01,ASSUMP-METHOD-FACIAL-AGE-ESTIMATION-CATASTROPHIC-BREACH-PROBABILITY;GAP-METHOD-FACIAL-AGE-ESTIMATION-CATASTROPHIC-BREACH-PROBABILITY,2,,explicit_gap,0,0,1,1,True
method,facial_age_estimation,catastrophic_exposure_fraction,methods.facial_age_estimation.catastrophic_exposure_fraction,0.25,0.75,1.0,ASSUMP-METHOD-FACIAL-AGE-ESTIMATION-CATASTROPHIC-EXPOSURE-FRACTION;GAP-METHOD-FACIAL-AGE-ESTIMATION-CATASTROPHIC-EXPOSURE-FRACTION,2,,explicit_gap,0,0,1,1,True
method,facial_age_estimation,centralized_record_fraction,methods.facial_age_estimation.centralized_record_fraction,0.2,0.4,0.8,ASSUMP-METHOD-FACIAL-AGE-ESTIMATION-CENTRALIZED-RECORD-FRACTION;GAP-METHOD-FACIAL-AGE-ESTIMATION-CENTRALIZED-RECORD-FRACTION;OPC-AA-PROPORTIONALITY-2026;OPC-AA-MINIMIZATION-APPEAL-2026,4,,official_guidance,0,0,1,1,True
method,facial_age_estimation,fixed_annual_cost,methods.facial_age_estimation.fixed_annual_cost,20000.0,40000.0,120000.0,ASSUMP-METHOD-FACIAL-AGE-ESTIMATION-FIXED-ANNUAL-COST;GAP-METHOD-FACIAL-AGE-ESTIMATION-FIXED-ANNUAL-COST,2,,explicit_gap,0,0,1,1,True
method,facial_age_estimation,higher_friction_abandonment_multiplier,methods.facial_age_estimation.higher_friction_abandonment_multiplier,1.3,1.8,3.0,ASSUMP-METHOD-FACIAL-AGE-ESTIMATION-HIGHER-FRICTION-ABANDONMENT-MULTIPLIER;GAP-METHOD-FACIAL-AGE-ESTIMATION-HIGHER-FRICTION-ABANDONMENT-MULTIPLIER;W3C-WCAG22-AUTH-3-3-8,3,,official_guidance,0,0,1,1,True
method,facial_age_estimation,higher_friction_false_rejection_multiplier,methods.facial_age_estimation.higher_friction_false_rejection_multiplier,1.4,2.0,3.5,ASSUMP-METHOD-FACIAL-AGE-ESTIMATION-HIGHER-FRICTION-FALSE-REJECTION-MULTIPLIER;GAP-METHOD-FACIAL-AGE-ESTIMATION-HIGHER-FRICTION-FALSE-REJECTION-MULTIPLIER;NIST-FATE-AEV-ONGOING-2026,3,,context_only,0,1,1,1,True
method,facial_age_estimation,identity_proofing_rate,methods.facial_age_estimation.identity_proofing_rate,0.9,1.0,1.0,ASSUMP-METHOD-FACIAL-AGE-ESTIMATION-IDENTITY-PROOFING-RATE;GAP-METHOD-FACIAL-AGE-ESTIMATION-IDENTITY-PROOFING-RATE;LEGAL-QC-BILL9-REMOTE-SALES,3,,legal_fact,0,0,1,1,True
method,facial_age_estimation,minor_circumvention_rate,methods.facial_age_estimation.minor_circumvention_rate,0.12,0.28,0.5,ASSUMP-METHOD-FACIAL-AGE-ESTIMATION-MINOR-CIRCUMVENTION-RATE;GAP-METHOD-FACIAL-AGE-ESTIMATION-MINOR-CIRCUMVENTION-RATE,2,,explicit_gap,0,0,1,1,True
method,facial_age_estimation,minor_detection_rate,methods.facial_age_estimation.minor_detection_rate,0.65,0.85,0.96,ASSUMP-METHOD-FACIAL-AGE-ESTIMATION-MINOR-DETECTION-RATE;GAP-METHOD-FACIAL-AGE-ESTIMATION-MINOR-DETECTION-RATE;NIST-FATE-AEV-ONGOING-2026,3,,context_only,0,1,1,1,True
method,facial_age_estimation,minor_substitution_rate,methods.facial_age_estimation.minor_substitution_rate,0.15,0.4,0.7,ASSUMP-METHOD-FACIAL-AGE-ESTIMATION-MINOR-SUBSTITUTION-RATE;GAP-METHOD-FACIAL-AGE-ESTIMATION-MINOR-SUBSTITUTION-RATE;INSPQ-QC-SUBSTITUTION-WARNING-2026,3,,context_only,0,1,1,1,True
method,facial_age_estimation,record_retention_years,methods.facial_age_estimation.record_retention_years,0.05,0.25,2.0,ASSUMP-METHOD-FACIAL-AGE-ESTIMATION-RECORD-RETENTION-YEARS;GAP-METHOD-FACIAL-AGE-ESTIMATION-RECORD-RETENTION-YEARS;OPC-AA-MINIMIZATION-APPEAL-2026,3,,official_guidance,0,0,1,1,True
method,facial_age_estimation,records_per_identity_proof,methods.facial_age_estimation.records_per_identity_proof,0.02,0.15,0.8,ASSUMP-METHOD-FACIAL-AGE-ESTIMATION-RECORDS-PER-IDENTITY-PROOF;GAP-METHOD-FACIAL-AGE-ESTIMATION-RECORDS-PER-IDENTITY-PROOF;OPC-AA-PROPORTIONALITY-2026;OPC-AA-MINIMIZATION-APPEAL-2026,4,,official_guidance,0,0,1,1,True
method,facial_age_estimation,third_party_disclosures_per_identity_proof,methods.facial_age_estimation.third_party_disclosures_per_identity_proof,1.0,1.0,2.0,ASSUMP-METHOD-FACIAL-AGE-ESTIMATION-THIRD-PARTY-DISCLOSURES-PER-IDENTITY-PROOF;GAP-METHOD-FACIAL-AGE-ESTIMATION-THIRD-PARTY-DISCLOSURES-PER-IDENTITY-PROOF;OPC-AA-MINIMIZATION-APPEAL-2026,3,,official_guidance,0,0,1,1,True
method,facial_age_estimation,transient_images_per_identity_proof,methods.facial_age_estimation.transient_images_per_identity_proof,1.0,1.0,1.0,ASSUMP-METHOD-FACIAL-AGE-ESTIMATION-TRANSIENT-IMAGES-PER-IDENTITY-PROOF;GAP-METHOD-FACIAL-AGE-ESTIMATION-TRANSIENT-IMAGES-PER-IDENTITY-PROOF,2,,explicit_gap,0,0,1,1,True
method,facial_age_estimation,variable_cost_per_check,methods.facial_age_estimation.variable_cost_per_check,0.04,0.1,0.3,ASSUMP-METHOD-FACIAL-AGE-ESTIMATION-VARIABLE-COST-PER-CHECK;GAP-METHOD-FACIAL-AGE-ESTIMATION-VARIABLE-COST-PER-CHECK;QC-MIN-WAGE-2026,3,,context_only,0,1,1,1,True
method,facial_age_estimation,variable_cost_per_identity_proof,methods.facial_age_estimation.variable_cost_per_identity_proof,0.08,0.25,0.7,ASSUMP-METHOD-FACIAL-AGE-ESTIMATION-VARIABLE-COST-PER-IDENTITY-PROOF;GAP-METHOD-FACIAL-AGE-ESTIMATION-VARIABLE-COST-PER-IDENTITY-PROOF;QC-MIN-WAGE-2026,3,,context_only,0,1,1,1,True
method,facial_age_estimation,verification_check_rate,methods.facial_age_estimation.verification_check_rate,0.9,1.0,1.0,ASSUMP-METHOD-FACIAL-AGE-ESTIMATION-VERIFICATION-CHECK-RATE;GAP-METHOD-FACIAL-AGE-ESTIMATION-VERIFICATION-CHECK-RATE;LEGAL-QC-BILL9-REMOTE-SALES,3,,legal_fact,0,0,1,1,True
method,in_person_enrolment,adult_abandonment_rate,methods.in_person_enrolment.adult_abandonment_rate,0.15,0.28,0.48,ASSUMP-METHOD-IN-PERSON-ENROLMENT-ADULT-ABANDONMENT-RATE;GAP-METHOD-IN-PERSON-ENROLMENT-ADULT-ABANDONMENT-RATE;W3C-WCAG22-AUTH-3-3-8,3,,official_guidance,0,0,1,1,True
method,in_person_enrolment,adult_false_rejection_rate,methods.in_person_enrolment.adult_false_rejection_rate,0.005,0.015,0.05,ASSUMP-METHOD-IN-PERSON-ENROLMENT-ADULT-FALSE-REJECTION-RATE;GAP-METHOD-IN-PERSON-ENROLMENT-ADULT-FALSE-REJECTION-RATE,2,,explicit_gap,0,0,1,1,True
method,in_person_enrolment,age_assertions_per_check,methods.in_person_enrolment.age_assertions_per_check,0.5,1.0,1.0,ASSUMP-METHOD-IN-PERSON-ENROLMENT-AGE-ASSERTIONS-PER-CHECK;GAP-METHOD-IN-PERSON-ENROLMENT-AGE-ASSERTIONS-PER-CHECK;OPC-AA-MINIMIZATION-APPEAL-2026,3,,official_guidance,0,0,1,1,True
method,in_person_enrolment,annual_breach_probability,methods.in_person_enrolment.annual_breach_probability,0.001,0.005,0.025,ASSUMP-METHOD-IN-PERSON-ENROLMENT-ANNUAL-BREACH-PROBABILITY;GAP-METHOD-IN-PERSON-ENROLMENT-ANNUAL-BREACH-PROBABILITY,2,,explicit_gap,0,0,1,1,True
method,in_person_enrolment,biometric_scans_per_identity_proof,methods.in_person_enrolment.biometric_scans_per_identity_proof,0.0,0.0,0.2,ASSUMP-METHOD-IN-PERSON-ENROLMENT-BIOMETRIC-SCANS-PER-IDENTITY-PROOF;GAP-METHOD-IN-PERSON-ENROLMENT-BIOMETRIC-SCANS-PER-IDENTITY-PROOF,2,,explicit_gap,0,0,1,1,True
method,in_person_enrolment,catastrophic_breach_probability,methods.in_person_enrolment.catastrophic_breach_probability,0.0001,0.0008,0.008,ASSUMP-METHOD-IN-PERSON-ENROLMENT-CATASTROPHIC-BREACH-PROBABILITY;GAP-METHOD-IN-PERSON-ENROLMENT-CATASTROPHIC-BREACH-PROBABILITY,2,,explicit_gap,0,0,1,1,True
method,in_person_enrolment,catastrophic_exposure_fraction,methods.in_person_enrolment.catastrophic_exposure_fraction,0.2,0.6,1.0,ASSUMP-METHOD-IN-PERSON-ENROLMENT-CATASTROPHIC-EXPOSURE-FRACTION;GAP-METHOD-IN-PERSON-ENROLMENT-CATASTROPHIC-EXPOSURE-FRACTION,2,,explicit_gap,0,0,1,1,True
method,in_person_enrolment,centralized_record_fraction,methods.in_person_enrolment.centralized_record_fraction,0.2,0.5,0.9,ASSUMP-METHOD-IN-PERSON-ENROLMENT-CENTRALIZED-RECORD-FRACTION;GAP-METHOD-IN-PERSON-ENROLMENT-CENTRALIZED-RECORD-FRACTION;OPC-AA-PROPORTIONALITY-2026;OPC-AA-MINIMIZATION-APPEAL-2026,4,,official_guidance,0,0,1,1,True
method,in_person_enrolment,fixed_annual_cost,methods.in_person_enrolment.fixed_annual_cost,75000.0,150000.0,400000.0,ASSUMP-METHOD-IN-PERSON-ENROLMENT-FIXED-ANNUAL-COST;GAP-METHOD-IN-PERSON-ENROLMENT-FIXED-ANNUAL-COST,2,,explicit_gap,0,0,1,1,True
method,in_person_enrolment,higher_friction_abandonment_multiplier,methods.in_person_enrolment.higher_friction_abandonment_multiplier,1.8,2.7,4.5,ASSUMP-METHOD-IN-PERSON-ENROLMENT-HIGHER-FRICTION-ABANDONMENT-MULTIPLIER;GAP-METHOD-IN-PERSON-ENROLMENT-HIGHER-FRICTION-ABANDONMENT-MULTIPLIER;W3C-WCAG22-AUTH-3-3-8,3,,official_guidance,0,0,1,1,True
method,in_person_enrolment,higher_friction_false_rejection_multiplier,methods.in_person_enrolment.higher_friction_false_rejection_multiplier,1.8,2.5,4.0,ASSUMP-METHOD-IN-PERSON-ENROLMENT-HIGHER-FRICTION-FALSE-REJECTION-MULTIPLIER;GAP-METHOD-IN-PERSON-ENROLMENT-HIGHER-FRICTION-FALSE-REJECTION-MULTIPLIER,2,,explicit_gap,0,0,1,1,True
method,in_person_enrolment,identity_proofing_rate,methods.in_person_enrolment.identity_proofing_rate,0.05,0.18,0.4,ASSUMP-METHOD-IN-PERSON-ENROLMENT-IDENTITY-PROOFING-RATE;GAP-METHOD-IN-PERSON-ENROLMENT-IDENTITY-PROOFING-RATE;LEGAL-QC-BILL9-REMOTE-SALES,3,,legal_fact,0,0,1,1,True
method,in_person_enrolment,minor_circumvention_rate,methods.in_person_enrolment.minor_circumvention_rate,0.03,0.1,0.25,ASSUMP-METHOD-IN-PERSON-ENROLMENT-MINOR-CIRCUMVENTION-RATE;GAP-METHOD-IN-PERSON-ENROLMENT-MINOR-CIRCUMVENTION-RATE,2,,explicit_gap,0,0,1,1,True
method,in_person_enrolment,minor_detection_rate,methods.in_person_enrolment.minor_detection_rate,0.94,0.985,0.999,ASSUMP-METHOD-IN-PERSON-ENROLMENT-MINOR-DETECTION-RATE;GAP-METHOD-IN-PERSON-ENROLMENT-MINOR-DETECTION-RATE,2,,explicit_gap,0,0,1,1,True
method,in_person_enrolment,minor_substitution_rate,methods.in_person_enrolment.minor_substitution_rate,0.15,0.45,0.75,ASSUMP-METHOD-IN-PERSON-ENROLMENT-MINOR-SUBSTITUTION-RATE;GAP-METHOD-IN-PERSON-ENROLMENT-MINOR-SUBSTITUTION-RATE;INSPQ-QC-SUBSTITUTION-WARNING-2026,3,,context_only,0,1,1,1,True
method,in_person_enrolment,record_retention_years,methods.in_person_enrolment.record_retention_years,0.5,2.0,7.0,ASSUMP-METHOD-IN-PERSON-ENROLMENT-RECORD-RETENTION-YEARS;GAP-METHOD-IN-PERSON-ENROLMENT-RECORD-RETENTION-YEARS;OPC-AA-MINIMIZATION-APPEAL-2026,3,,official_guidance,0,0,1,1,True
method,in_person_enrolment,records_per_identity_proof,methods.in_person_enrolment.records_per_identity_proof,0.5,1.0,1.5,ASSUMP-METHOD-IN-PERSON-ENROLMENT-RECORDS-PER-IDENTITY-PROOF;GAP-METHOD-IN-PERSON-ENROLMENT-RECORDS-PER-IDENTITY-PROOF;OPC-AA-PROPORTIONALITY-2026;OPC-AA-MINIMIZATION-APPEAL-2026,4,,official_guidance,0,0,1,1,True
method,in_person_enrolment,third_party_disclosures_per_identity_proof,methods.in_person_enrolment.third_party_disclosures_per_identity_proof,0.2,0.5,1.0,ASSUMP-METHOD-IN-PERSON-ENROLMENT-THIRD-PARTY-DISCLOSURES-PER-IDENTITY-PROOF;GAP-METHOD-IN-PERSON-ENROLMENT-THIRD-PARTY-DISCLOSURES-PER-IDENTITY-PROOF;OPC-AA-MINIMIZATION-APPEAL-2026,3,,official_guidance,0,0,1,1,True
method,in_person_enrolment,transient_images_per_identity_proof,methods.in_person_enrolment.transient_images_per_identity_proof,0.0,0.5,1.0,ASSUMP-METHOD-IN-PERSON-ENROLMENT-TRANSIENT-IMAGES-PER-IDENTITY-PROOF;GAP-METHOD-IN-PERSON-ENROLMENT-TRANSIENT-IMAGES-PER-IDENTITY-PROOF,2,,explicit_gap,0,0,1,1,True
method,in_person_enrolment,variable_cost_per_check,methods.in_person_enrolment.variable_cost_per_check,0.05,0.15,0.5,ASSUMP-METHOD-IN-PERSON-ENROLMENT-VARIABLE-COST-PER-CHECK;GAP-METHOD-IN-PERSON-ENROLMENT-VARIABLE-COST-PER-CHECK;QC-MIN-WAGE-2026,3,,context_only,0,1,1,1,True
method,in_person_enrolment,variable_cost_per_identity_proof,methods.in_person_enrolment.variable_cost_per_identity_proof,2.0,5.0,15.0,ASSUMP-METHOD-IN-PERSON-ENROLMENT-VARIABLE-COST-PER-IDENTITY-PROOF;GAP-METHOD-IN-PERSON-ENROLMENT-VARIABLE-COST-PER-IDENTITY-PROOF;QC-MIN-WAGE-2026,3,,context_only,0,1,1,1,True
method,in_person_enrolment,verification_check_rate,methods.in_person_enrolment.verification_check_rate,0.85,1.0,1.0,ASSUMP-METHOD-IN-PERSON-ENROLMENT-VERIFICATION-CHECK-RATE;GAP-METHOD-IN-PERSON-ENROLMENT-VERIFICATION-CHECK-RATE;LEGAL-QC-BILL9-REMOTE-SALES,3,,legal_fact,0,0,1,1,True
method,no_verification,adult_abandonment_rate,methods.no_verification.adult_abandonment_rate,0.0,0.0,0.0,ASSUMP-METHOD-NO-VERIFICATION-ADULT-ABANDONMENT-RATE;GAP-METHOD-NO-VERIFICATION-ADULT-ABANDONMENT-RATE;W3C-WCAG22-AUTH-3-3-8,3,,official_guidance,0,0,1,1,True
method,no_verification,adult_false_rejection_rate,methods.no_verification.adult_false_rejection_rate,0.0,0.0,0.0,ASSUMP-METHOD-NO-VERIFICATION-ADULT-FALSE-REJECTION-RATE;GAP-METHOD-NO-VERIFICATION-ADULT-FALSE-REJECTION-RATE,2,,explicit_gap,0,0,1,1,True
method,no_verification,age_assertions_per_check,methods.no_verification.age_assertions_per_check,0.0,0.0,0.0,ASSUMP-METHOD-NO-VERIFICATION-AGE-ASSERTIONS-PER-CHECK;GAP-METHOD-NO-VERIFICATION-AGE-ASSERTIONS-PER-CHECK;OPC-AA-MINIMIZATION-APPEAL-2026,3,,official_guidance,0,0,1,1,True
method,no_verification,annual_breach_probability,methods.no_verification.annual_breach_probability,0.0,0.0,0.0,ASSUMP-METHOD-NO-VERIFICATION-ANNUAL-BREACH-PROBABILITY;GAP-METHOD-NO-VERIFICATION-ANNUAL-BREACH-PROBABILITY,2,,explicit_gap,0,0,1,1,True
method,no_verification,biometric_scans_per_identity_proof,methods.no_verification.biometric_scans_per_identity_proof,0.0,0.0,0.0,ASSUMP-METHOD-NO-VERIFICATION-BIOMETRIC-SCANS-PER-IDENTITY-PROOF;GAP-METHOD-NO-VERIFICATION-BIOMETRIC-SCANS-PER-IDENTITY-PROOF,2,,explicit_gap,0,0,1,1,True
method,no_verification,catastrophic_breach_probability,methods.no_verification.catastrophic_breach_probability,0.0,0.0,0.0,ASSUMP-METHOD-NO-VERIFICATION-CATASTROPHIC-BREACH-PROBABILITY;GAP-METHOD-NO-VERIFICATION-CATASTROPHIC-BREACH-PROBABILITY,2,,explicit_gap,0,0,1,1,True
method,no_verification,catastrophic_exposure_fraction,methods.no_verification.catastrophic_exposure_fraction,0.0,0.0,0.0,ASSUMP-METHOD-NO-VERIFICATION-CATASTROPHIC-EXPOSURE-FRACTION;GAP-METHOD-NO-VERIFICATION-CATASTROPHIC-EXPOSURE-FRACTION,2,,explicit_gap,0,0,1,1,True
method,no_verification,centralized_record_fraction,methods.no_verification.centralized_record_fraction,0.0,0.0,0.0,ASSUMP-METHOD-NO-VERIFICATION-CENTRALIZED-RECORD-FRACTION;GAP-METHOD-NO-VERIFICATION-CENTRALIZED-RECORD-FRACTION;OPC-AA-PROPORTIONALITY-2026;OPC-AA-MINIMIZATION-APPEAL-2026,4,,official_guidance,0,0,1,1,True
method,no_verification,fixed_annual_cost,methods.no_verification.fixed_annual_cost,0.0,0.0,0.0,ASSUMP-METHOD-NO-VERIFICATION-FIXED-ANNUAL-COST;GAP-METHOD-NO-VERIFICATION-FIXED-ANNUAL-COST,2,,explicit_gap,0,0,1,1,True
method,no_verification,higher_friction_abandonment_multiplier,methods.no_verification.higher_friction_abandonment_multiplier,1.0,1.0,1.0,ASSUMP-METHOD-NO-VERIFICATION-HIGHER-FRICTION-ABANDONMENT-MULTIPLIER;GAP-METHOD-NO-VERIFICATION-HIGHER-FRICTION-ABANDONMENT-MULTIPLIER;W3C-WCAG22-AUTH-3-3-8,3,,official_guidance,0,0,1,1,True
method,no_verification,higher_friction_false_rejection_multiplier,methods.no_verification.higher_friction_false_rejection_multiplier,1.0,1.0,1.0,ASSUMP-METHOD-NO-VERIFICATION-HIGHER-FRICTION-FALSE-REJECTION-MULTIPLIER;GAP-METHOD-NO-VERIFICATION-HIGHER-FRICTION-FALSE-REJECTION-MULTIPLIER,2,,explicit_gap,0,0,1,1,True
method,no_verification,identity_proofing_rate,methods.no_verification.identity_proofing_rate,0.0,0.0,0.0,ASSUMP-METHOD-NO-VERIFICATION-IDENTITY-PROOFING-RATE;GAP-METHOD-NO-VERIFICATION-IDENTITY-PROOFING-RATE,2,,explicit_gap,0,0,1,1,True
method,no_verification,minor_circumvention_rate,methods.no_verification.minor_circumvention_rate,0.0,0.0,0.0,ASSUMP-METHOD-NO-VERIFICATION-MINOR-CIRCUMVENTION-RATE;GAP-METHOD-NO-VERIFICATION-MINOR-CIRCUMVENTION-RATE,2,,explicit_gap,0,0,1,1,True
method,no_verification,minor_detection_rate,methods.no_verification.minor_detection_rate,0.0,0.0,0.0,ASSUMP-METHOD-NO-VERIFICATION-MINOR-DETECTION-RATE;GAP-METHOD-NO-VERIFICATION-MINOR-DETECTION-RATE,2,,explicit_gap,0,0,1,1,True
method,no_verification,minor_substitution_rate,methods.no_verification.minor_substitution_rate,0.0,0.0,0.0,ASSUMP-METHOD-NO-VERIFICATION-MINOR-SUBSTITUTION-RATE;GAP-METHOD-NO-VERIFICATION-MINOR-SUBSTITUTION-RATE;INSPQ-QC-SUBSTITUTION-WARNING-2026,3,,context_only,0,1,1,1,True
method,no_verification,record_retention_years,methods.no_verification.record_retention_years,0.0,0.0,0.0,ASSUMP-METHOD-NO-VERIFICATION-RECORD-RETENTION-YEARS;GAP-METHOD-NO-VERIFICATION-RECORD-RETENTION-YEARS;OPC-AA-MINIMIZATION-APPEAL-2026,3,,official_guidance,0,0,1,1,True
method,no_verification,records_per_identity_proof,methods.no_verification.records_per_identity_proof,0.0,0.0,0.0,ASSUMP-METHOD-NO-VERIFICATION-RECORDS-PER-IDENTITY-PROOF;GAP-METHOD-NO-VERIFICATION-RECORDS-PER-IDENTITY-PROOF;OPC-AA-PROPORTIONALITY-2026;OPC-AA-MINIMIZATION-APPEAL-2026,4,,official_guidance,0,0,1,1,True
method,no_verification,third_party_disclosures_per_identity_proof,methods.no_verification.third_party_disclosures_per_identity_proof,0.0,0.0,0.0,ASSUMP-METHOD-NO-VERIFICATION-THIRD-PARTY-DISCLOSURES-PER-IDENTITY-PROOF;GAP-METHOD-NO-VERIFICATION-THIRD-PARTY-DISCLOSURES-PER-IDENTITY-PROOF;OPC-AA-MINIMIZATION-APPEAL-2026,3,,official_guidance,0,0,1,1,True
method,no_verification,transient_images_per_identity_proof,methods.no_verification.transient_images_per_identity_proof,0.0,0.0,0.0,ASSUMP-METHOD-NO-VERIFICATION-TRANSIENT-IMAGES-PER-IDENTITY-PROOF;GAP-METHOD-NO-VERIFICATION-TRANSIENT-IMAGES-PER-IDENTITY-PROOF,2,,explicit_gap,0,0,1,1,True
method,no_verification,variable_cost_per_check,methods.no_verification.variable_cost_per_check,0.0,0.0,0.0,ASSUMP-METHOD-NO-VERIFICATION-VARIABLE-COST-PER-CHECK;GAP-METHOD-NO-VERIFICATION-VARIABLE-COST-PER-CHECK;QC-MIN-WAGE-2026,3,,context_only,0,1,1,1,True
method,no_verification,variable_cost_per_identity_proof,methods.no_verification.variable_cost_per_identity_proof,0.0,0.0,0.0,ASSUMP-METHOD-NO-VERIFICATION-VARIABLE-COST-PER-IDENTITY-PROOF;GAP-METHOD-NO-VERIFICATION-VARIABLE-COST-PER-IDENTITY-PROOF;QC-MIN-WAGE-2026,3,,context_only,0,1,1,1,True
method,no_verification,verification_check_rate,methods.no_verification.verification_check_rate,0.0,0.0,0.0,ASSUMP-METHOD-NO-VERIFICATION-VERIFICATION-CHECK-RATE;GAP-METHOD-NO-VERIFICATION-VERIFICATION-CHECK-RATE,2,,explicit_gap,0,0,1,1,True
method,photo_id_visual,adult_abandonment_rate,methods.photo_id_visual.adult_abandonment_rate,0.03,0.08,0.16,ASSUMP-METHOD-PHOTO-ID-VISUAL-ADULT-ABANDONMENT-RATE;GAP-METHOD-PHOTO-ID-VISUAL-ADULT-ABANDONMENT-RATE;W3C-WCAG22-AUTH-3-3-8,3,,official_guidance,0,0,1,1,True
method,photo_id_visual,adult_false_rejection_rate,methods.photo_id_visual.adult_false_rejection_rate,0.008,0.025,0.065,ASSUMP-METHOD-PHOTO-ID-VISUAL-ADULT-FALSE-REJECTION-RATE;GAP-METHOD-PHOTO-ID-VISUAL-ADULT-FALSE-REJECTION-RATE;LEGAL-QC-BILL9-PHOTO-ID,3,,legal_fact,0,0,1,1,True
method,photo_id_visual,age_assertions_per_check,methods.photo_id_visual.age_assertions_per_check,0.0,0.0,0.0,ASSUMP-METHOD-PHOTO-ID-VISUAL-AGE-ASSERTIONS-PER-CHECK;GAP-METHOD-PHOTO-ID-VISUAL-AGE-ASSERTIONS-PER-CHECK;OPC-AA-MINIMIZATION-APPEAL-2026,3,,official_guidance,0,0,1,1,True
method,photo_id_visual,annual_breach_probability,methods.photo_id_visual.annual_breach_probability,0.0,0.0,0.0,ASSUMP-METHOD-PHOTO-ID-VISUAL-ANNUAL-BREACH-PROBABILITY;GAP-METHOD-PHOTO-ID-VISUAL-ANNUAL-BREACH-PROBABILITY,2,,explicit_gap,0,0,1,1,True
method,photo_id_visual,biometric_scans_per_identity_proof,methods.photo_id_visual.biometric_scans_per_identity_proof,0.0,0.0,0.0,ASSUMP-METHOD-PHOTO-ID-VISUAL-BIOMETRIC-SCANS-PER-IDENTITY-PROOF;GAP-METHOD-PHOTO-ID-VISUAL-BIOMETRIC-SCANS-PER-IDENTITY-PROOF,2,,explicit_gap,0,0,1,1,True
method,photo_id_visual,catastrophic_breach_probability,methods.photo_id_visual.catastrophic_breach_probability,0.0,0.0,0.0,ASSUMP-METHOD-PHOTO-ID-VISUAL-CATASTROPHIC-BREACH-PROBABILITY;GAP-METHOD-PHOTO-ID-VISUAL-CATASTROPHIC-BREACH-PROBABILITY,2,,explicit_gap,0,0,1,1,True
method,photo_id_visual,catastrophic_exposure_fraction,methods.photo_id_visual.catastrophic_exposure_fraction,0.0,0.0,0.0,ASSUMP-METHOD-PHOTO-ID-VISUAL-CATASTROPHIC-EXPOSURE-FRACTION;GAP-METHOD-PHOTO-ID-VISUAL-CATASTROPHIC-EXPOSURE-FRACTION,2,,explicit_gap,0,0,1,1,True
method,photo_id_visual,centralized_record_fraction,methods.photo_id_visual.centralized_record_fraction,0.0,0.0,0.0,ASSUMP-METHOD-PHOTO-ID-VISUAL-CENTRALIZED-RECORD-FRACTION;GAP-METHOD-PHOTO-ID-VISUAL-CENTRALIZED-RECORD-FRACTION;OPC-AA-PROPORTIONALITY-2026;OPC-AA-MINIMIZATION-APPEAL-2026,4,,official_guidance,0,0,1,1,True
method,photo_id_visual,fixed_annual_cost,methods.photo_id_visual.fixed_annual_cost,8000.0,25000.0,70000.0,ASSUMP-METHOD-PHOTO-ID-VISUAL-FIXED-ANNUAL-COST;GAP-METHOD-PHOTO-ID-VISUAL-FIXED-ANNUAL-COST,2,,explicit_gap,0,0,1,1,True
method,photo_id_visual,higher_friction_abandonment_multiplier,methods.photo_id_visual.higher_friction_abandonment_multiplier,1.8,2.8,4.5,ASSUMP-METHOD-PHOTO-ID-VISUAL-HIGHER-FRICTION-ABANDONMENT-MULTIPLIER;GAP-METHOD-PHOTO-ID-VISUAL-HIGHER-FRICTION-ABANDONMENT-MULTIPLIER;W3C-WCAG22-AUTH-3-3-8,3,,official_guidance,0,0,1,1,True
method,photo_id_visual,higher_friction_false_rejection_multiplier,methods.photo_id_visual.higher_friction_false_rejection_multiplier,2.0,3.0,5.0,ASSUMP-METHOD-PHOTO-ID-VISUAL-HIGHER-FRICTION-FALSE-REJECTION-MULTIPLIER;GAP-METHOD-PHOTO-ID-VISUAL-HIGHER-FRICTION-FALSE-REJECTION-MULTIPLIER,2,,explicit_gap,0,0,1,1,True
method,photo_id_visual,identity_proofing_rate,methods.photo_id_visual.identity_proofing_rate,1.0,1.0,1.0,ASSUMP-METHOD-PHOTO-ID-VISUAL-IDENTITY-PROOFING-RATE;GAP-METHOD-PHOTO-ID-VISUAL-IDENTITY-PROOFING-RATE;LEGAL-QC-BILL9-PHOTO-ID,3,,legal_fact,0,0,1,1,True
method,photo_id_visual,minor_circumvention_rate,methods.photo_id_visual.minor_circumvention_rate,0.08,0.18,0.35,ASSUMP-METHOD-PHOTO-ID-VISUAL-MINOR-CIRCUMVENTION-RATE;GAP-METHOD-PHOTO-ID-VISUAL-MINOR-CIRCUMVENTION-RATE,2,,explicit_gap,0,0,1,1,True
method,photo_id_visual,minor_detection_rate,methods.photo_id_visual.minor_detection_rate,0.85,0.94,0.985,ASSUMP-METHOD-PHOTO-ID-VISUAL-MINOR-DETECTION-RATE;GAP-METHOD-PHOTO-ID-VISUAL-MINOR-DETECTION-RATE,2,,explicit_gap,0,0,1,1,True
method,photo_id_visual,minor_substitution_rate,methods.photo_id_visual.minor_substitution_rate,0.12,0.35,0.65,ASSUMP-METHOD-PHOTO-ID-VISUAL-MINOR-SUBSTITUTION-RATE;GAP-METHOD-PHOTO-ID-VISUAL-MINOR-SUBSTITUTION-RATE;INSPQ-QC-SUBSTITUTION-WARNING-2026,3,,context_only,0,1,1,1,True
method,photo_id_visual,record_retention_years,methods.photo_id_visual.record_retention_years,0.0,0.0,0.0,ASSUMP-METHOD-PHOTO-ID-VISUAL-RECORD-RETENTION-YEARS;GAP-METHOD-PHOTO-ID-VISUAL-RECORD-RETENTION-YEARS;OPC-AA-MINIMIZATION-APPEAL-2026,3,,official_guidance,0,0,1,1,True
method,photo_id_visual,records_per_identity_proof,methods.photo_id_visual.records_per_identity_proof,0.0,0.0,0.0,ASSUMP-METHOD-PHOTO-ID-VISUAL-RECORDS-PER-IDENTITY-PROOF;GAP-METHOD-PHOTO-ID-VISUAL-RECORDS-PER-IDENTITY-PROOF;OPC-AA-PROPORTIONALITY-2026;OPC-AA-MINIMIZATION-APPEAL-2026,4,,official_guidance,0,0,1,1,True
method,photo_id_visual,third_party_disclosures_per_identity_proof,methods.photo_id_visual.third_party_disclosures_per_identity_proof,0.0,0.0,0.0,ASSUMP-METHOD-PHOTO-ID-VISUAL-THIRD-PARTY-DISCLOSURES-PER-IDENTITY-PROOF;GAP-METHOD-PHOTO-ID-VISUAL-THIRD-PARTY-DISCLOSURES-PER-IDENTITY-PROOF;OPC-AA-MINIMIZATION-APPEAL-2026,3,,official_guidance,0,0,1,1,True
method,photo_id_visual,transient_images_per_identity_proof,methods.photo_id_visual.transient_images_per_identity_proof,0.0,0.0,0.0,ASSUMP-METHOD-PHOTO-ID-VISUAL-TRANSIENT-IMAGES-PER-IDENTITY-PROOF;GAP-METHOD-PHOTO-ID-VISUAL-TRANSIENT-IMAGES-PER-IDENTITY-PROOF,2,,explicit_gap,0,0,1,1,True
method,photo_id_visual,variable_cost_per_check,methods.photo_id_visual.variable_cost_per_check,0.02,0.06,0.15,ASSUMP-METHOD-PHOTO-ID-VISUAL-VARIABLE-COST-PER-CHECK;GAP-METHOD-PHOTO-ID-VISUAL-VARIABLE-COST-PER-CHECK;QC-MIN-WAGE-2026,3,,context_only,0,1,1,1,True
method,photo_id_visual,variable_cost_per_identity_proof,methods.photo_id_visual.variable_cost_per_identity_proof,0.04,0.12,0.3,ASSUMP-METHOD-PHOTO-ID-VISUAL-VARIABLE-COST-PER-IDENTITY-PROOF;GAP-METHOD-PHOTO-ID-VISUAL-VARIABLE-COST-PER-IDENTITY-PROOF;QC-MIN-WAGE-2026,3,,context_only,0,1,1,1,True
method,photo_id_visual,verification_check_rate,methods.photo_id_visual.verification_check_rate,0.65,0.85,1.0,ASSUMP-METHOD-PHOTO-ID-VISUAL-VERIFICATION-CHECK-RATE;GAP-METHOD-PHOTO-ID-VISUAL-VERIFICATION-CHECK-RATE;LEGAL-QC-BILL9-PHOTO-ID,3,,legal_fact,0,0,1,1,True
method,reusable_age_token,adult_abandonment_rate,methods.reusable_age_token.adult_abandonment_rate,0.025,0.06,0.16,ASSUMP-METHOD-REUSABLE-AGE-TOKEN-ADULT-ABANDONMENT-RATE;GAP-METHOD-REUSABLE-AGE-TOKEN-ADULT-ABANDONMENT-RATE;W3C-WCAG22-AUTH-3-3-8,3,,official_guidance,0,0,1,1,True
method,reusable_age_token,adult_false_rejection_rate,methods.reusable_age_token.adult_false_rejection_rate,0.008,0.025,0.07,ASSUMP-METHOD-REUSABLE-AGE-TOKEN-ADULT-FALSE-REJECTION-RATE;GAP-METHOD-REUSABLE-AGE-TOKEN-ADULT-FALSE-REJECTION-RATE,2,,explicit_gap,0,0,1,1,True
method,reusable_age_token,age_assertions_per_check,methods.reusable_age_token.age_assertions_per_check,0.5,1.0,1.0,ASSUMP-METHOD-REUSABLE-AGE-TOKEN-AGE-ASSERTIONS-PER-CHECK;GAP-METHOD-REUSABLE-AGE-TOKEN-AGE-ASSERTIONS-PER-CHECK;OPC-AA-MINIMIZATION-APPEAL-2026;NIST-SP800-63-4-2025,4,,official_guidance,0,0,1,1,True
method,reusable_age_token,annual_breach_probability,methods.reusable_age_token.annual_breach_probability,0.001,0.01,0.04,ASSUMP-METHOD-REUSABLE-AGE-TOKEN-ANNUAL-BREACH-PROBABILITY;GAP-METHOD-REUSABLE-AGE-TOKEN-ANNUAL-BREACH-PROBABILITY,2,,explicit_gap,0,0,1,1,True
method,reusable_age_token,biometric_scans_per_identity_proof,methods.reusable_age_token.biometric_scans_per_identity_proof,0.0,0.0,0.5,ASSUMP-METHOD-REUSABLE-AGE-TOKEN-BIOMETRIC-SCANS-PER-IDENTITY-PROOF;GAP-METHOD-REUSABLE-AGE-TOKEN-BIOMETRIC-SCANS-PER-IDENTITY-PROOF,2,,explicit_gap,0,0,1,1,True
method,reusable_age_token,catastrophic_breach_probability,methods.reusable_age_token.catastrophic_breach_probability,0.0001,0.001,0.01,ASSUMP-METHOD-REUSABLE-AGE-TOKEN-CATASTROPHIC-BREACH-PROBABILITY;GAP-METHOD-REUSABLE-AGE-TOKEN-CATASTROPHIC-BREACH-PROBABILITY,2,,explicit_gap,0,0,1,1,True
method,reusable_age_token,catastrophic_exposure_fraction,methods.reusable_age_token.catastrophic_exposure_fraction,0.25,0.75,1.0,ASSUMP-METHOD-REUSABLE-AGE-TOKEN-CATASTROPHIC-EXPOSURE-FRACTION;GAP-METHOD-REUSABLE-AGE-TOKEN-CATASTROPHIC-EXPOSURE-FRACTION,2,,explicit_gap,0,0,1,1,True
method,reusable_age_token,centralized_record_fraction,methods.reusable_age_token.centralized_record_fraction,0.3,0.6,0.95,ASSUMP-METHOD-REUSABLE-AGE-TOKEN-CENTRALIZED-RECORD-FRACTION;GAP-METHOD-REUSABLE-AGE-TOKEN-CENTRALIZED-RECORD-FRACTION;OPC-AA-PROPORTIONALITY-2026;OPC-AA-MINIMIZATION-APPEAL-2026,4,,official_guidance,0,0,1,1,True
method,reusable_age_token,fixed_annual_cost,methods.reusable_age_token.fixed_annual_cost,50000.0,100000.0,260000.0,ASSUMP-METHOD-REUSABLE-AGE-TOKEN-FIXED-ANNUAL-COST;GAP-METHOD-REUSABLE-AGE-TOKEN-FIXED-ANNUAL-COST,2,,explicit_gap,0,0,1,1,True
method,reusable_age_token,higher_friction_abandonment_multiplier,methods.reusable_age_token.higher_friction_abandonment_multiplier,1.8,2.8,5.0,ASSUMP-METHOD-REUSABLE-AGE-TOKEN-HIGHER-FRICTION-ABANDONMENT-MULTIPLIER;GAP-METHOD-REUSABLE-AGE-TOKEN-HIGHER-FRICTION-ABANDONMENT-MULTIPLIER;W3C-WCAG22-AUTH-3-3-8,3,,official_guidance,0,0,1,1,True
method,reusable_age_token,higher_friction_false_rejection_multiplier,methods.reusable_age_token.higher_friction_false_rejection_multiplier,2.0,3.2,5.5,ASSUMP-METHOD-REUSABLE-AGE-TOKEN-HIGHER-FRICTION-FALSE-REJECTION-MULTIPLIER;GAP-METHOD-REUSABLE-AGE-TOKEN-HIGHER-FRICTION-FALSE-REJECTION-MULTIPLIER,2,,explicit_gap,0,0,1,1,True
method,reusable_age_token,identity_proofing_rate,methods.reusable_age_token.identity_proofing_rate,0.05,0.15,0.35,ASSUMP-METHOD-REUSABLE-AGE-TOKEN-IDENTITY-PROOFING-RATE;GAP-METHOD-REUSABLE-AGE-TOKEN-IDENTITY-PROOFING-RATE;LEGAL-QC-BILL9-REMOTE-SALES;NIST-SP800-63-4-2025;OPC-AA-MINIMIZATION-APPEAL-2026,5,,legal_fact,0,0,1,1,True
method,reusable_age_token,minor_circumvention_rate,methods.reusable_age_token.minor_circumvention_rate,0.1,0.22,0.42,ASSUMP-METHOD-REUSABLE-AGE-TOKEN-MINOR-CIRCUMVENTION-RATE;GAP-METHOD-REUSABLE-AGE-TOKEN-MINOR-CIRCUMVENTION-RATE,2,,explicit_gap,0,0,1,1,True
method,reusable_age_token,minor_detection_rate,methods.reusable_age_token.minor_detection_rate,0.88,0.96,0.993,ASSUMP-METHOD-REUSABLE-AGE-TOKEN-MINOR-DETECTION-RATE;GAP-METHOD-REUSABLE-AGE-TOKEN-MINOR-DETECTION-RATE,2,,explicit_gap,0,0,1,1,True
method,reusable_age_token,minor_substitution_rate,methods.reusable_age_token.minor_substitution_rate,0.15,0.4,0.7,ASSUMP-METHOD-REUSABLE-AGE-TOKEN-MINOR-SUBSTITUTION-RATE;GAP-METHOD-REUSABLE-AGE-TOKEN-MINOR-SUBSTITUTION-RATE;INSPQ-QC-SUBSTITUTION-WARNING-2026,3,,context_only,0,1,1,1,True
method,reusable_age_token,record_retention_years,methods.reusable_age_token.record_retention_years,0.5,2.0,7.0,ASSUMP-METHOD-REUSABLE-AGE-TOKEN-RECORD-RETENTION-YEARS;GAP-METHOD-REUSABLE-AGE-TOKEN-RECORD-RETENTION-YEARS;OPC-AA-MINIMIZATION-APPEAL-2026;NIST-SP800-63-4-2025,4,,official_guidance,0,0,1,1,True
method,reusable_age_token,records_per_identity_proof,methods.reusable_age_token.records_per_identity_proof,0.5,1.0,1.5,ASSUMP-METHOD-REUSABLE-AGE-TOKEN-RECORDS-PER-IDENTITY-PROOF;GAP-METHOD-REUSABLE-AGE-TOKEN-RECORDS-PER-IDENTITY-PROOF;OPC-AA-PROPORTIONALITY-2026;OPC-AA-MINIMIZATION-APPEAL-2026,4,,official_guidance,0,0,1,1,True
method,reusable_age_token,third_party_disclosures_per_identity_proof,methods.reusable_age_token.third_party_disclosures_per_identity_proof,1.0,1.0,2.0,ASSUMP-METHOD-REUSABLE-AGE-TOKEN-THIRD-PARTY-DISCLOSURES-PER-IDENTITY-PROOF;GAP-METHOD-REUSABLE-AGE-TOKEN-THIRD-PARTY-DISCLOSURES-PER-IDENTITY-PROOF;OPC-AA-MINIMIZATION-APPEAL-2026,3,,official_guidance,0,0,1,1,True
method,reusable_age_token,transient_images_per_identity_proof,methods.reusable_age_token.transient_images_per_identity_proof,0.0,1.0,2.0,ASSUMP-METHOD-REUSABLE-AGE-TOKEN-TRANSIENT-IMAGES-PER-IDENTITY-PROOF;GAP-METHOD-REUSABLE-AGE-TOKEN-TRANSIENT-IMAGES-PER-IDENTITY-PROOF,2,,explicit_gap,0,0,1,1,True
method,reusable_age_token,variable_cost_per_check,methods.reusable_age_token.variable_cost_per_check,0.02,0.06,0.2,ASSUMP-METHOD-REUSABLE-AGE-TOKEN-VARIABLE-COST-PER-CHECK;GAP-METHOD-REUSABLE-AGE-TOKEN-VARIABLE-COST-PER-CHECK;QC-MIN-WAGE-2026,3,,context_only,0,1,1,1,True
method,reusable_age_token,variable_cost_per_identity_proof,methods.reusable_age_token.variable_cost_per_identity_proof,0.3,0.8,2.0,ASSUMP-METHOD-REUSABLE-AGE-TOKEN-VARIABLE-COST-PER-IDENTITY-PROOF;GAP-METHOD-REUSABLE-AGE-TOKEN-VARIABLE-COST-PER-IDENTITY-PROOF;QC-MIN-WAGE-2026,3,,context_only,0,1,1,1,True
method,reusable_age_token,verification_check_rate,methods.reusable_age_token.verification_check_rate,0.8,0.95,1.0,ASSUMP-METHOD-REUSABLE-AGE-TOKEN-VERIFICATION-CHECK-RATE;GAP-METHOD-REUSABLE-AGE-TOKEN-VERIFICATION-CHECK-RATE;LEGAL-QC-BILL9-REMOTE-SALES,3,,legal_fact,0,0,1,1,True
method,self_declaration,adult_abandonment_rate,methods.self_declaration.adult_abandonment_rate,0.001,0.005,0.015,ASSUMP-METHOD-SELF-DECLARATION-ADULT-ABANDONMENT-RATE;GAP-METHOD-SELF-DECLARATION-ADULT-ABANDONMENT-RATE;W3C-WCAG22-AUTH-3-3-8,3,,official_guidance,0,0,1,1,True
method,self_declaration,adult_false_rejection_rate,methods.self_declaration.adult_false_rejection_rate,0.0,0.001,0.004,ASSUMP-METHOD-SELF-DECLARATION-ADULT-FALSE-REJECTION-RATE;GAP-METHOD-SELF-DECLARATION-ADULT-FALSE-REJECTION-RATE,2,,explicit_gap,0,0,1,1,True
method,self_declaration,age_assertions_per_check,methods.self_declaration.age_assertions_per_check,0.0,0.0,0.0,ASSUMP-METHOD-SELF-DECLARATION-AGE-ASSERTIONS-PER-CHECK;GAP-METHOD-SELF-DECLARATION-AGE-ASSERTIONS-PER-CHECK;OPC-AA-MINIMIZATION-APPEAL-2026,3,,official_guidance,0,0,1,1,True
method,self_declaration,annual_breach_probability,methods.self_declaration.annual_breach_probability,0.0,0.001,0.005,ASSUMP-METHOD-SELF-DECLARATION-ANNUAL-BREACH-PROBABILITY;GAP-METHOD-SELF-DECLARATION-ANNUAL-BREACH-PROBABILITY,2,,explicit_gap,0,0,1,1,True
method,self_declaration,biometric_scans_per_identity_proof,methods.self_declaration.biometric_scans_per_identity_proof,0.0,0.0,0.0,ASSUMP-METHOD-SELF-DECLARATION-BIOMETRIC-SCANS-PER-IDENTITY-PROOF;GAP-METHOD-SELF-DECLARATION-BIOMETRIC-SCANS-PER-IDENTITY-PROOF,2,,explicit_gap,0,0,1,1,True
method,self_declaration,catastrophic_breach_probability,methods.self_declaration.catastrophic_breach_probability,0.0,0.0,0.0,ASSUMP-METHOD-SELF-DECLARATION-CATASTROPHIC-BREACH-PROBABILITY;GAP-METHOD-SELF-DECLARATION-CATASTROPHIC-BREACH-PROBABILITY,2,,explicit_gap,0,0,1,1,True
method,self_declaration,catastrophic_exposure_fraction,methods.self_declaration.catastrophic_exposure_fraction,0.0,0.0,0.0,ASSUMP-METHOD-SELF-DECLARATION-CATASTROPHIC-EXPOSURE-FRACTION;GAP-METHOD-SELF-DECLARATION-CATASTROPHIC-EXPOSURE-FRACTION,2,,explicit_gap,0,0,1,1,True
method,self_declaration,centralized_record_fraction,methods.self_declaration.centralized_record_fraction,0.0,0.0,0.2,ASSUMP-METHOD-SELF-DECLARATION-CENTRALIZED-RECORD-FRACTION;GAP-METHOD-SELF-DECLARATION-CENTRALIZED-RECORD-FRACTION;OPC-AA-PROPORTIONALITY-2026;OPC-AA-MINIMIZATION-APPEAL-2026,4,,official_guidance,0,0,1,1,True
method,self_declaration,fixed_annual_cost,methods.self_declaration.fixed_annual_cost,500.0,2500.0,8000.0,ASSUMP-METHOD-SELF-DECLARATION-FIXED-ANNUAL-COST;GAP-METHOD-SELF-DECLARATION-FIXED-ANNUAL-COST,2,,explicit_gap,0,0,1,1,True
method,self_declaration,higher_friction_abandonment_multiplier,methods.self_declaration.higher_friction_abandonment_multiplier,1.0,1.2,1.8,ASSUMP-METHOD-SELF-DECLARATION-HIGHER-FRICTION-ABANDONMENT-MULTIPLIER;GAP-METHOD-SELF-DECLARATION-HIGHER-FRICTION-ABANDONMENT-MULTIPLIER;W3C-WCAG22-AUTH-3-3-8,3,,official_guidance,0,0,1,1,True
method,self_declaration,higher_friction_false_rejection_multiplier,methods.self_declaration.higher_friction_false_rejection_multiplier,1.0,1.1,1.4,ASSUMP-METHOD-SELF-DECLARATION-HIGHER-FRICTION-FALSE-REJECTION-MULTIPLIER;GAP-METHOD-SELF-DECLARATION-HIGHER-FRICTION-FALSE-REJECTION-MULTIPLIER,2,,explicit_gap,0,0,1,1,True
method,self_declaration,identity_proofing_rate,methods.self_declaration.identity_proofing_rate,0.0,0.0,0.0,ASSUMP-METHOD-SELF-DECLARATION-IDENTITY-PROOFING-RATE;GAP-METHOD-SELF-DECLARATION-IDENTITY-PROOFING-RATE,2,,explicit_gap,0,0,1,1,True
method,self_declaration,minor_circumvention_rate,methods.self_declaration.minor_circumvention_rate,0.7,0.82,0.95,ASSUMP-METHOD-SELF-DECLARATION-MINOR-CIRCUMVENTION-RATE;GAP-METHOD-SELF-DECLARATION-MINOR-CIRCUMVENTION-RATE;CAI-GPEN-AGE-CONTROLS-2024,3,,context_only,0,1,1,1,True
method,self_declaration,minor_detection_rate,methods.self_declaration.minor_detection_rate,0.05,0.12,0.2,ASSUMP-METHOD-SELF-DECLARATION-MINOR-DETECTION-RATE;GAP-METHOD-SELF-DECLARATION-MINOR-DETECTION-RATE;CAI-GPEN-AGE-CONTROLS-2024,3,,context_only,0,1,1,1,True
method,self_declaration,minor_substitution_rate,methods.self_declaration.minor_substitution_rate,0.1,0.3,0.55,ASSUMP-METHOD-SELF-DECLARATION-MINOR-SUBSTITUTION-RATE;GAP-METHOD-SELF-DECLARATION-MINOR-SUBSTITUTION-RATE;INSPQ-QC-SUBSTITUTION-WARNING-2026,3,,context_only,0,1,1,1,True
method,self_declaration,record_retention_years,methods.self_declaration.record_retention_years,0.0,0.0,0.25,ASSUMP-METHOD-SELF-DECLARATION-RECORD-RETENTION-YEARS;GAP-METHOD-SELF-DECLARATION-RECORD-RETENTION-YEARS;OPC-AA-MINIMIZATION-APPEAL-2026,3,,official_guidance,0,0,1,1,True
method,self_declaration,records_per_identity_proof,methods.self_declaration.records_per_identity_proof,0.0,0.0,0.0,ASSUMP-METHOD-SELF-DECLARATION-RECORDS-PER-IDENTITY-PROOF;GAP-METHOD-SELF-DECLARATION-RECORDS-PER-IDENTITY-PROOF;OPC-AA-PROPORTIONALITY-2026;OPC-AA-MINIMIZATION-APPEAL-2026,4,,official_guidance,0,0,1,1,True
method,self_declaration,third_party_disclosures_per_identity_proof,methods.self_declaration.third_party_disclosures_per_identity_proof,0.0,0.0,0.0,ASSUMP-METHOD-SELF-DECLARATION-THIRD-PARTY-DISCLOSURES-PER-IDENTITY-PROOF;GAP-METHOD-SELF-DECLARATION-THIRD-PARTY-DISCLOSURES-PER-IDENTITY-PROOF;OPC-AA-MINIMIZATION-APPEAL-2026,3,,official_guidance,0,0,1,1,True
method,self_declaration,transient_images_per_identity_proof,methods.self_declaration.transient_images_per_identity_proof,0.0,0.0,0.0,ASSUMP-METHOD-SELF-DECLARATION-TRANSIENT-IMAGES-PER-IDENTITY-PROOF;GAP-METHOD-SELF-DECLARATION-TRANSIENT-IMAGES-PER-IDENTITY-PROOF,2,,explicit_gap,0,0,1,1,True
method,self_declaration,variable_cost_per_check,methods.self_declaration.variable_cost_per_check,0.001,0.005,0.02,ASSUMP-METHOD-SELF-DECLARATION-VARIABLE-COST-PER-CHECK;GAP-METHOD-SELF-DECLARATION-VARIABLE-COST-PER-CHECK;QC-MIN-WAGE-2026,3,,context_only,0,1,1,1,True
method,self_declaration,variable_cost_per_identity_proof,methods.self_declaration.variable_cost_per_identity_proof,0.0,0.0,0.0,ASSUMP-METHOD-SELF-DECLARATION-VARIABLE-COST-PER-IDENTITY-PROOF;GAP-METHOD-SELF-DECLARATION-VARIABLE-COST-PER-IDENTITY-PROOF;QC-MIN-WAGE-2026,3,,context_only,0,1,1,1,True
method,self_declaration,verification_check_rate,methods.self_declaration.verification_check_rate,0.9,1.0,1.0,ASSUMP-METHOD-SELF-DECLARATION-VERIFICATION-CHECK-RATE;GAP-METHOD-SELF-DECLARATION-VERIFICATION-CHECK-RATE,2,,explicit_gap,0,0,1,1,True
method,visual_estimation,adult_abandonment_rate,methods.visual_estimation.adult_abandonment_rate,0.005,0.015,0.04,ASSUMP-METHOD-VISUAL-ESTIMATION-ADULT-ABANDONMENT-RATE;GAP-METHOD-VISUAL-ESTIMATION-ADULT-ABANDONMENT-RATE;W3C-WCAG22-AUTH-3-3-8,3,,official_guidance,0,0,1,1,True
method,visual_estimation,adult_false_rejection_rate,methods.visual_estimation.adult_false_rejection_rate,0.02,0.06,0.12,ASSUMP-METHOD-VISUAL-ESTIMATION-ADULT-FALSE-REJECTION-RATE;GAP-METHOD-VISUAL-ESTIMATION-ADULT-FALSE-REJECTION-RATE,2,,explicit_gap,0,0,1,1,True
method,visual_estimation,age_assertions_per_check,methods.visual_estimation.age_assertions_per_check,0.0,0.0,0.0,ASSUMP-METHOD-VISUAL-ESTIMATION-AGE-ASSERTIONS-PER-CHECK;GAP-METHOD-VISUAL-ESTIMATION-AGE-ASSERTIONS-PER-CHECK;OPC-AA-MINIMIZATION-APPEAL-2026,3,,official_guidance,0,0,1,1,True
method,visual_estimation,annual_breach_probability,methods.visual_estimation.annual_breach_probability,0.0,0.0,0.0,ASSUMP-METHOD-VISUAL-ESTIMATION-ANNUAL-BREACH-PROBABILITY;GAP-METHOD-VISUAL-ESTIMATION-ANNUAL-BREACH-PROBABILITY,2,,explicit_gap,0,0,1,1,True
method,visual_estimation,biometric_scans_per_identity_proof,methods.visual_estimation.biometric_scans_per_identity_proof,0.0,0.0,0.0,ASSUMP-METHOD-VISUAL-ESTIMATION-BIOMETRIC-SCANS-PER-IDENTITY-PROOF;GAP-METHOD-VISUAL-ESTIMATION-BIOMETRIC-SCANS-PER-IDENTITY-PROOF,2,,explicit_gap,0,0,1,1,True
method,visual_estimation,catastrophic_breach_probability,methods.visual_estimation.catastrophic_breach_probability,0.0,0.0,0.0,ASSUMP-METHOD-VISUAL-ESTIMATION-CATASTROPHIC-BREACH-PROBABILITY;GAP-METHOD-VISUAL-ESTIMATION-CATASTROPHIC-BREACH-PROBABILITY,2,,explicit_gap,0,0,1,1,True
method,visual_estimation,catastrophic_exposure_fraction,methods.visual_estimation.catastrophic_exposure_fraction,0.0,0.0,0.0,ASSUMP-METHOD-VISUAL-ESTIMATION-CATASTROPHIC-EXPOSURE-FRACTION;GAP-METHOD-VISUAL-ESTIMATION-CATASTROPHIC-EXPOSURE-FRACTION,2,,explicit_gap,0,0,1,1,True
method,visual_estimation,centralized_record_fraction,methods.visual_estimation.centralized_record_fraction,0.0,0.0,0.0,ASSUMP-METHOD-VISUAL-ESTIMATION-CENTRALIZED-RECORD-FRACTION;GAP-METHOD-VISUAL-ESTIMATION-CENTRALIZED-RECORD-FRACTION;OPC-AA-PROPORTIONALITY-2026;OPC-AA-MINIMIZATION-APPEAL-2026,4,,official_guidance,0,0,1,1,True
method,visual_estimation,fixed_annual_cost,methods.visual_estimation.fixed_annual_cost,3000.0,12000.0,35000.0,ASSUMP-METHOD-VISUAL-ESTIMATION-FIXED-ANNUAL-COST;GAP-METHOD-VISUAL-ESTIMATION-FIXED-ANNUAL-COST,2,,explicit_gap,0,0,1,1,True
method,visual_estimation,higher_friction_abandonment_multiplier,methods.visual_estimation.higher_friction_abandonment_multiplier,1.1,1.5,2.3,ASSUMP-METHOD-VISUAL-ESTIMATION-HIGHER-FRICTION-ABANDONMENT-MULTIPLIER;GAP-METHOD-VISUAL-ESTIMATION-HIGHER-FRICTION-ABANDONMENT-MULTIPLIER;W3C-WCAG22-AUTH-3-3-8,3,,official_guidance,0,0,1,1,True
method,visual_estimation,higher_friction_false_rejection_multiplier,methods.visual_estimation.higher_friction_false_rejection_multiplier,1.2,1.7,2.5,ASSUMP-METHOD-VISUAL-ESTIMATION-HIGHER-FRICTION-FALSE-REJECTION-MULTIPLIER;GAP-METHOD-VISUAL-ESTIMATION-HIGHER-FRICTION-FALSE-REJECTION-MULTIPLIER,2,,explicit_gap,0,0,1,1,True
method,visual_estimation,identity_proofing_rate,methods.visual_estimation.identity_proofing_rate,0.0,0.0,0.0,ASSUMP-METHOD-VISUAL-ESTIMATION-IDENTITY-PROOFING-RATE;GAP-METHOD-VISUAL-ESTIMATION-IDENTITY-PROOFING-RATE,2,,explicit_gap,0,0,1,1,True
method,visual_estimation,minor_circumvention_rate,methods.visual_estimation.minor_circumvention_rate,0.25,0.45,0.65,ASSUMP-METHOD-VISUAL-ESTIMATION-MINOR-CIRCUMVENTION-RATE;GAP-METHOD-VISUAL-ESTIMATION-MINOR-CIRCUMVENTION-RATE,2,,explicit_gap,0,0,1,1,True
method,visual_estimation,minor_detection_rate,methods.visual_estimation.minor_detection_rate,0.35,0.55,0.75,ASSUMP-METHOD-VISUAL-ESTIMATION-MINOR-DETECTION-RATE;GAP-METHOD-VISUAL-ESTIMATION-MINOR-DETECTION-RATE,2,,explicit_gap,0,0,1,1,True
method,visual_estimation,minor_substitution_rate,methods.visual_estimation.minor_substitution_rate,0.1,0.3,0.55,ASSUMP-METHOD-VISUAL-ESTIMATION-MINOR-SUBSTITUTION-RATE;GAP-METHOD-VISUAL-ESTIMATION-MINOR-SUBSTITUTION-RATE;INSPQ-QC-SUBSTITUTION-WARNING-2026,3,,context_only,0,1,1,1,True
method,visual_estimation,record_retention_years,methods.visual_estimation.record_retention_years,0.0,0.0,0.0,ASSUMP-METHOD-VISUAL-ESTIMATION-RECORD-RETENTION-YEARS;GAP-METHOD-VISUAL-ESTIMATION-RECORD-RETENTION-YEARS;OPC-AA-MINIMIZATION-APPEAL-2026,3,,official_guidance,0,0,1,1,True
method,visual_estimation,records_per_identity_proof,methods.visual_estimation.records_per_identity_proof,0.0,0.0,0.0,ASSUMP-METHOD-VISUAL-ESTIMATION-RECORDS-PER-IDENTITY-PROOF;GAP-METHOD-VISUAL-ESTIMATION-RECORDS-PER-IDENTITY-PROOF;OPC-AA-PROPORTIONALITY-2026;OPC-AA-MINIMIZATION-APPEAL-2026,4,,official_guidance,0,0,1,1,True
method,visual_estimation,third_party_disclosures_per_identity_proof,methods.visual_estimation.third_party_disclosures_per_identity_proof,0.0,0.0,0.0,ASSUMP-METHOD-VISUAL-ESTIMATION-THIRD-PARTY-DISCLOSURES-PER-IDENTITY-PROOF;GAP-METHOD-VISUAL-ESTIMATION-THIRD-PARTY-DISCLOSURES-PER-IDENTITY-PROOF;OPC-AA-MINIMIZATION-APPEAL-2026,3,,official_guidance,0,0,1,1,True
method,visual_estimation,transient_images_per_identity_proof,methods.visual_estimation.transient_images_per_identity_proof,0.0,0.0,0.0,ASSUMP-METHOD-VISUAL-ESTIMATION-TRANSIENT-IMAGES-PER-IDENTITY-PROOF;GAP-METHOD-VISUAL-ESTIMATION-TRANSIENT-IMAGES-PER-IDENTITY-PROOF,2,,explicit_gap,0,0,1,1,True
method,visual_estimation,variable_cost_per_check,methods.visual_estimation.variable_cost_per_check,0.03,0.08,0.2,ASSUMP-METHOD-VISUAL-ESTIMATION-VARIABLE-COST-PER-CHECK;GAP-METHOD-VISUAL-ESTIMATION-VARIABLE-COST-PER-CHECK;QC-MIN-WAGE-2026,3,,context_only,0,1,1,1,True
method,visual_estimation,variable_cost_per_identity_proof,methods.visual_estimation.variable_cost_per_identity_proof,0.0,0.0,0.0,ASSUMP-METHOD-VISUAL-ESTIMATION-VARIABLE-COST-PER-IDENTITY-PROOF;GAP-METHOD-VISUAL-ESTIMATION-VARIABLE-COST-PER-IDENTITY-PROOF;QC-MIN-WAGE-2026,3,,context_only,0,1,1,1,True
method,visual_estimation,verification_check_rate,methods.visual_estimation.verification_check_rate,0.55,0.75,0.95,ASSUMP-METHOD-VISUAL-ESTIMATION-VERIFICATION-CHECK-RATE;GAP-METHOD-VISUAL-ESTIMATION-VERIFICATION-CHECK-RATE,2,,explicit_gap,0,0,1,1,True
scenario,ALL,higher_friction_adult_share,scenario.higher_friction_adult_share,0.06,0.1,0.16,ASSUMP-SCENARIO-HIGHER-FRICTION-ADULT-SHARE;GAP-QC-HIGHER-FRICTION-SHARE;ESDC-GIS-PHOTO-ID-BARRIER-2019,3,,context_only,0,1,1,1,True
scenario,ALL,minor_share,scenario.minor_share,0.13,0.16,0.2,ASSUMP-SCENARIO-MINOR-SHARE;GAP-QC-MINOR-TRANSACTION-SHARE;INSPQ-QC-YOUTH-WEEKLY-2022-23;ISQ-QC-15-24-WEEKLY-2020-21,4,,context_only,0,2,1,1,True
scenario,ALL,population,scenario.population,100000.0,100000.0,100000.0,ASSUMP-SCENARIO-POPULATION;GAP-QC-RELEVANT-POPULATION,2,,explicit_gap,0,0,1,1,True
scenario,ALL,purchase_attempt_rate,scenario.purchase_attempt_rate,0.18,0.25,0.34,ASSUMP-SCENARIO-PURCHASE-ATTEMPT-RATE;GAP-QC-PURCHASE-ATTEMPT-RATE;ISQ-QC-15-29-FREQUENCY-2020-21,3,,context_only,0,1,1,1,True
