method_id,method,output_metric,rank,input_source,input,spearman_correlation,absolute_correlation
self_declaration,Self-declared age,minor_purchases_prevented,1,method,minor_circumvention_rate,-0.6912179751318793,0.6912179751318793
self_declaration,Self-declared age,minor_purchases_prevented,2,method,minor_detection_rate,0.5765963712660945,0.5765963712660945
self_declaration,Self-declared age,minor_purchases_prevented,3,scenario,purchase_attempt_rate,0.28555913467620764,0.28555913467620764
self_declaration,Self-declared age,minor_purchases_prevented,4,scenario,minor_share,0.19942513979653806,0.19942513979653806
self_declaration,Self-declared age,minor_purchases_prevented,5,method,higher_friction_false_rejection_multiplier,0.005979514686135807,0.005979514686135807
self_declaration,Self-declared age,minor_purchases_prevented,6,method,centralized_record_fraction,0.0057534229015653695,0.0057534229015653695
self_declaration,Self-declared age,minor_purchases_prevented,7,method,higher_friction_abandonment_multiplier,-0.004608684524371473,0.004608684524371473
self_declaration,Self-declared age,minor_purchases_prevented,8,scenario,higher_friction_adult_share,-0.004248293896771318,0.004248293896771318
self_declaration,Self-declared age,minor_purchases_prevented,9,method,annual_breach_probability,0.004222316819000927,0.004222316819000927
self_declaration,Self-declared age,minor_purchases_prevented,10,method,verification_check_rate,0.0029369709630947885,0.0029369709630947885
self_declaration,Self-declared age,minor_purchases_prevented,11,method,records_per_check,-0.0024056509541782603,0.0024056509541782603
self_declaration,Self-declared age,minor_purchases_prevented,12,method,adult_abandonment_rate,-0.002245884994018354,0.002245884994018354
self_declaration,Self-declared age,minor_purchases_prevented,13,method,adult_false_rejection_rate,0.0015769251402787702,0.0015769251402787702
self_declaration,Self-declared age,minor_purchases_prevented,14,method,fixed_annual_cost,0.0012192079532236833,0.0012192079532236833
self_declaration,Self-declared age,minor_purchases_prevented,15,method,variable_cost_per_check,0.0003983409013113364,0.0003983409013113364
self_declaration,Self-declared age,adult_adverse_outcomes,1,method,adult_abandonment_rate,0.903102313498073,0.903102313498073
self_declaration,Self-declared age,adult_adverse_outcomes,2,scenario,purchase_attempt_rate,0.3146888781685636,0.3146888781685636
self_declaration,Self-declared age,adult_adverse_outcomes,3,method,adult_false_rejection_rate,0.2440612223020725,0.2440612223020725
self_declaration,Self-declared age,adult_adverse_outcomes,4,scenario,minor_share,-0.040400522804000215,0.040400522804000215
self_declaration,Self-declared age,adult_adverse_outcomes,5,method,higher_friction_abandonment_multiplier,0.04027913377582366,0.04027913377582366
self_declaration,Self-declared age,adult_adverse_outcomes,6,method,verification_check_rate,0.013645022840914008,0.013645022840914008
self_declaration,Self-declared age,adult_adverse_outcomes,7,scenario,higher_friction_adult_share,0.012545036858426017,0.012545036858426017
self_declaration,Self-declared age,adult_adverse_outcomes,8,method,variable_cost_per_check,0.008621159106232465,0.008621159106232465
self_declaration,Self-declared age,adult_adverse_outcomes,9,method,fixed_annual_cost,0.007656721074422689,0.007656721074422689
self_declaration,Self-declared age,adult_adverse_outcomes,10,method,records_per_check,-0.007285965123970387,0.007285965123970387
self_declaration,Self-declared age,adult_adverse_outcomes,11,method,annual_breach_probability,-0.004884363117729746,0.004884363117729746
self_declaration,Self-declared age,adult_adverse_outcomes,12,method,minor_detection_rate,-0.003701897798632759,0.003701897798632759
self_declaration,Self-declared age,adult_adverse_outcomes,13,method,minor_circumvention_rate,0.00201802401728721,0.00201802401728721
self_declaration,Self-declared age,adult_adverse_outcomes,14,method,higher_friction_false_rejection_multiplier,0.0017426080088890435,0.0017426080088890435
self_declaration,Self-declared age,adult_adverse_outcomes,15,method,centralized_record_fraction,-2.4560991657824397e-05,2.4560991657824397e-05
self_declaration,Self-declared age,higher_friction_adult_adverse_outcomes,1,method,adult_abandonment_rate,0.7925506328471325,0.7925506328471325
self_declaration,Self-declared age,higher_friction_adult_adverse_outcomes,2,scenario,higher_friction_adult_share,0.410052354806453,0.410052354806453
self_declaration,Self-declared age,higher_friction_adult_adverse_outcomes,3,scenario,purchase_attempt_rate,0.27248619322294654,0.27248619322294654
self_declaration,Self-declared age,higher_friction_adult_adverse_outcomes,4,method,higher_friction_abandonment_multiplier,0.2206076904747071,0.2206076904747071
self_declaration,Self-declared age,higher_friction_adult_adverse_outcomes,5,method,adult_false_rejection_rate,0.19785528557024615,0.19785528557024615
self_declaration,Self-declared age,higher_friction_adult_adverse_outcomes,6,scenario,minor_share,-0.03418831484692333,0.03418831484692333
self_declaration,Self-declared age,higher_friction_adult_adverse_outcomes,7,method,higher_friction_false_rejection_multiplier,0.031459766652103906,0.031459766652103906
self_declaration,Self-declared age,higher_friction_adult_adverse_outcomes,8,method,fixed_annual_cost,0.00952802459229121,0.00952802459229121
self_declaration,Self-declared age,higher_friction_adult_adverse_outcomes,9,method,verification_check_rate,0.009371810646532724,0.009371810646532724
self_declaration,Self-declared age,higher_friction_adult_adverse_outcomes,10,method,records_per_check,-0.005829368578683747,0.005829368578683747
self_declaration,Self-declared age,higher_friction_adult_adverse_outcomes,11,method,minor_detection_rate,-0.005637111700270845,0.005637111700270845
self_declaration,Self-declared age,higher_friction_adult_adverse_outcomes,12,method,variable_cost_per_check,0.00521937460298375,0.00521937460298375
self_declaration,Self-declared age,higher_friction_adult_adverse_outcomes,13,method,minor_circumvention_rate,0.003987803441531121,0.003987803441531121
self_declaration,Self-declared age,higher_friction_adult_adverse_outcomes,14,method,annual_breach_probability,-0.0022279978068751993,0.0022279978068751993
self_declaration,Self-declared age,higher_friction_adult_adverse_outcomes,15,method,centralized_record_fraction,0.0016062084679384833,0.0016062084679384833
self_declaration,Self-declared age,identity_records_created,1,method,records_per_check,0.9866394107575678,0.9866394107575678
self_declaration,Self-declared age,identity_records_created,2,scenario,purchase_attempt_rate,0.13546463819735385,0.13546463819735385
self_declaration,Self-declared age,identity_records_created,3,method,verification_check_rate,0.025027938163611176,0.025027938163611176
self_declaration,Self-declared age,identity_records_created,4,method,adult_false_rejection_rate,-0.011413595763701441,0.011413595763701441
self_declaration,Self-declared age,identity_records_created,5,method,higher_friction_false_rejection_multiplier,0.007522761657057105,0.007522761657057105
self_declaration,Self-declared age,identity_records_created,6,scenario,minor_share,0.006702256385656903,0.006702256385656903
self_declaration,Self-declared age,identity_records_created,7,method,centralized_record_fraction,-0.006498028592455212,0.006498028592455212
self_declaration,Self-declared age,identity_records_created,8,method,adult_abandonment_rate,-0.004565521802114209,0.004565521802114209
self_declaration,Self-declared age,identity_records_created,9,method,annual_breach_probability,0.0028892275787556912,0.0028892275787556912
self_declaration,Self-declared age,identity_records_created,10,method,fixed_annual_cost,0.002700036746424015,0.002700036746424015
self_declaration,Self-declared age,identity_records_created,11,method,variable_cost_per_check,-0.002097765074855106,0.002097765074855106
self_declaration,Self-declared age,identity_records_created,12,scenario,higher_friction_adult_share,-0.0013783439502473376,0.0013783439502473376
self_declaration,Self-declared age,identity_records_created,13,method,minor_detection_rate,-0.0009245505054578202,0.0009245505054578202
self_declaration,Self-declared age,identity_records_created,14,method,minor_circumvention_rate,0.00022222186520888876,0.00022222186520888876
self_declaration,Self-declared age,identity_records_created,15,method,higher_friction_abandonment_multiplier,-6.536878073014753e-05,6.536878073014753e-05
self_declaration,Self-declared age,expected_records_exposed,1,method,records_per_check,0.7981747255178621,0.7981747255178621
self_declaration,Self-declared age,expected_records_exposed,2,method,annual_breach_probability,0.5372668037452427,0.5372668037452427
self_declaration,Self-declared age,expected_records_exposed,3,scenario,purchase_attempt_rate,0.10005006397141204,0.10005006397141204
self_declaration,Self-declared age,expected_records_exposed,4,method,verification_check_rate,0.01918801754034721,0.01918801754034721
self_declaration,Self-declared age,expected_records_exposed,5,method,centralized_record_fraction,-0.00797232072549293,0.00797232072549293
self_declaration,Self-declared age,expected_records_exposed,6,method,adult_abandonment_rate,-0.006604087890097635,0.006604087890097635
self_declaration,Self-declared age,expected_records_exposed,7,scenario,minor_share,0.004614561063477825,0.004614561063477825
self_declaration,Self-declared age,expected_records_exposed,8,method,minor_detection_rate,0.003810386180340155,0.003810386180340155
self_declaration,Self-declared age,expected_records_exposed,9,method,adult_false_rejection_rate,-0.00261212449112485,0.00261212449112485
self_declaration,Self-declared age,expected_records_exposed,10,method,higher_friction_false_rejection_multiplier,0.002527773301875109,0.002527773301875109
self_declaration,Self-declared age,expected_records_exposed,11,method,minor_circumvention_rate,0.0011339467744055788,0.0011339467744055788
self_declaration,Self-declared age,expected_records_exposed,12,method,higher_friction_abandonment_multiplier,-0.0011139648650535861,0.0011139648650535861
self_declaration,Self-declared age,expected_records_exposed,13,scenario,higher_friction_adult_share,-0.0011113566500765427,0.0011113566500765427
self_declaration,Self-declared age,expected_records_exposed,14,method,fixed_annual_cost,0.0006350436981740176,0.0006350436981740176
self_declaration,Self-declared age,expected_records_exposed,15,method,variable_cost_per_check,0.00019809235707123694,0.00019809235707123694
self_declaration,Self-declared age,total_annual_cost,1,method,fixed_annual_cost,0.9976204092252242,0.9976204092252242
self_declaration,Self-declared age,total_annual_cost,2,method,variable_cost_per_check,0.06379239578340497,0.06379239578340497
self_declaration,Self-declared age,total_annual_cost,3,scenario,purchase_attempt_rate,0.024828949441195583,0.024828949441195583
self_declaration,Self-declared age,total_annual_cost,4,method,centralized_record_fraction,0.008087742863971098,0.008087742863971098
self_declaration,Self-declared age,total_annual_cost,5,method,adult_abandonment_rate,0.006886938759714776,0.006886938759714776
self_declaration,Self-declared age,total_annual_cost,6,scenario,higher_friction_adult_share,0.006505728225034291,0.006505728225034291
self_declaration,Self-declared age,total_annual_cost,7,method,verification_check_rate,0.006285205124562082,0.006285205124562082
self_declaration,Self-declared age,total_annual_cost,8,method,annual_breach_probability,-0.005610746311236299,0.005610746311236299
self_declaration,Self-declared age,total_annual_cost,9,scenario,minor_share,0.0029236727886894696,0.0029236727886894696
self_declaration,Self-declared age,total_annual_cost,10,method,higher_friction_abandonment_multiplier,-0.002889276381699711,0.002889276381699711
self_declaration,Self-declared age,total_annual_cost,11,method,higher_friction_false_rejection_multiplier,-0.0026002461100640985,0.0026002461100640985
self_declaration,Self-declared age,total_annual_cost,12,method,minor_circumvention_rate,0.0024157187310782876,0.0024157187310782876
self_declaration,Self-declared age,total_annual_cost,13,method,adult_false_rejection_rate,0.0005073183297709273,0.0005073183297709273
self_declaration,Self-declared age,total_annual_cost,14,method,records_per_check,0.00045339311182935726,0.00045339311182935726
self_declaration,Self-declared age,total_annual_cost,15,method,minor_detection_rate,-0.00023476734470190695,0.00023476734470190695
visual_estimation,Visual age estimation,minor_purchases_prevented,1,method,minor_circumvention_rate,-0.5565854499403302,0.5565854499403302
visual_estimation,Visual age estimation,minor_purchases_prevented,2,method,minor_detection_rate,0.5543091032838356,0.5543091032838356
visual_estimation,Visual age estimation,minor_purchases_prevented,3,scenario,purchase_attempt_rate,0.47632517034467414,0.47632517034467414
visual_estimation,Visual age estimation,minor_purchases_prevented,4,scenario,minor_share,0.3179729049759252,0.3179729049759252
visual_estimation,Visual age estimation,minor_purchases_prevented,5,method,higher_friction_false_rejection_multiplier,-0.00771089756679636,0.00771089756679636
visual_estimation,Visual age estimation,minor_purchases_prevented,6,method,adult_abandonment_rate,-0.0067358238985983305,0.0067358238985983305
visual_estimation,Visual age estimation,minor_purchases_prevented,7,method,higher_friction_abandonment_multiplier,0.004233277499005312,0.004233277499005312
visual_estimation,Visual age estimation,minor_purchases_prevented,8,method,fixed_annual_cost,0.0026432151504972865,0.0026432151504972865
visual_estimation,Visual age estimation,minor_purchases_prevented,9,method,adult_false_rejection_rate,0.0023777818634791127,0.0023777818634791127
visual_estimation,Visual age estimation,minor_purchases_prevented,10,method,variable_cost_per_check,-0.001656834491030734,0.001656834491030734
visual_estimation,Visual age estimation,minor_purchases_prevented,11,scenario,higher_friction_adult_share,-0.0009702633654761054,0.0009702633654761054
visual_estimation,Visual age estimation,minor_purchases_prevented,12,method,verification_check_rate,0.00037220352043688146,0.00037220352043688146
visual_estimation,Visual age estimation,adult_adverse_outcomes,1,method,adult_false_rejection_rate,0.8375990650847996,0.8375990650847996
visual_estimation,Visual age estimation,adult_adverse_outcomes,2,scenario,purchase_attempt_rate,0.42675963905252784,0.42675963905252784
visual_estimation,Visual age estimation,adult_adverse_outcomes,3,method,adult_abandonment_rate,0.26314479684935393,0.26314479684935393
visual_estimation,Visual age estimation,adult_adverse_outcomes,4,method,higher_friction_false_rejection_multiplier,0.06600228181420892,0.06600228181420892
visual_estimation,Visual age estimation,adult_adverse_outcomes,5,scenario,minor_share,-0.057177135920278864,0.057177135920278864
visual_estimation,Visual age estimation,adult_adverse_outcomes,6,scenario,higher_friction_adult_share,0.045802348864784945,0.045802348864784945
visual_estimation,Visual age estimation,adult_adverse_outcomes,7,method,higher_friction_abandonment_multiplier,0.021972213474868885,0.021972213474868885
visual_estimation,Visual age estimation,adult_adverse_outcomes,8,method,fixed_annual_cost,-0.007147613737995046,0.007147613737995046
visual_estimation,Visual age estimation,adult_adverse_outcomes,9,method,minor_detection_rate,0.0054348706053739485,0.0054348706053739485
visual_estimation,Visual age estimation,adult_adverse_outcomes,10,method,minor_circumvention_rate,0.0025949185921739677,0.0025949185921739677
visual_estimation,Visual age estimation,adult_adverse_outcomes,11,method,variable_cost_per_check,0.0025376270556070513,0.0025376270556070513
visual_estimation,Visual age estimation,adult_adverse_outcomes,12,method,verification_check_rate,-0.0014107015016522806,0.0014107015016522806
visual_estimation,Visual age estimation,higher_friction_adult_adverse_outcomes,1,method,adult_false_rejection_rate,0.6594589528963916,0.6594589528963916
visual_estimation,Visual age estimation,higher_friction_adult_adverse_outcomes,2,scenario,higher_friction_adult_share,0.5131754836636063,0.5131754836636063
visual_estimation,Visual age estimation,higher_friction_adult_adverse_outcomes,3,scenario,purchase_attempt_rate,0.3322202930461682,0.3322202930461682
visual_estimation,Visual age estimation,higher_friction_adult_adverse_outcomes,4,method,higher_friction_false_rejection_multiplier,0.29622888324021956,0.29622888324021956
visual_estimation,Visual age estimation,higher_friction_adult_adverse_outcomes,5,method,adult_abandonment_rate,0.1883857183495623,0.1883857183495623
visual_estimation,Visual age estimation,higher_friction_adult_adverse_outcomes,6,method,higher_friction_abandonment_multiplier,0.0868909585335404,0.0868909585335404
visual_estimation,Visual age estimation,higher_friction_adult_adverse_outcomes,7,scenario,minor_share,-0.04401531760717413,0.04401531760717413
visual_estimation,Visual age estimation,higher_friction_adult_adverse_outcomes,8,method,minor_circumvention_rate,0.005470188057772076,0.005470188057772076
visual_estimation,Visual age estimation,higher_friction_adult_adverse_outcomes,9,method,variable_cost_per_check,0.005183417578521367,0.005183417578521367
visual_estimation,Visual age estimation,higher_friction_adult_adverse_outcomes,10,method,fixed_annual_cost,-0.002854521470677809,0.002854521470677809
visual_estimation,Visual age estimation,higher_friction_adult_adverse_outcomes,11,method,minor_detection_rate,0.0021220754396968303,0.0021220754396968303
visual_estimation,Visual age estimation,higher_friction_adult_adverse_outcomes,12,method,verification_check_rate,0.0010205289439922118,0.0010205289439922118
visual_estimation,Visual age estimation,total_annual_cost,1,method,fixed_annual_cost,0.9933362078388386,0.9933362078388386
visual_estimation,Visual age estimation,total_annual_cost,2,method,variable_cost_per_check,0.09456062485891226,0.09456062485891226
visual_estimation,Visual age estimation,total_annual_cost,3,scenario,purchase_attempt_rate,0.03230518822719408,0.03230518822719408
visual_estimation,Visual age estimation,total_annual_cost,4,method,verification_check_rate,0.027713954330445587,0.027713954330445587
visual_estimation,Visual age estimation,total_annual_cost,5,method,adult_abandonment_rate,-0.009779057684615624,0.009779057684615624
visual_estimation,Visual age estimation,total_annual_cost,6,scenario,minor_share,-0.0065621118464968455,0.0065621118464968455
visual_estimation,Visual age estimation,total_annual_cost,7,method,minor_detection_rate,0.006145528969978213,0.006145528969978213
visual_estimation,Visual age estimation,total_annual_cost,8,scenario,higher_friction_adult_share,0.004738764225863506,0.004738764225863506
visual_estimation,Visual age estimation,total_annual_cost,9,method,adult_false_rejection_rate,-0.004332338161060936,0.004332338161060936
visual_estimation,Visual age estimation,total_annual_cost,10,method,minor_circumvention_rate,-0.0038294688229397874,0.0038294688229397874
visual_estimation,Visual age estimation,total_annual_cost,11,method,higher_friction_abandonment_multiplier,0.003454914274117966,0.003454914274117966
visual_estimation,Visual age estimation,total_annual_cost,12,method,higher_friction_false_rejection_multiplier,-0.00043011943188404786,0.00043011943188404786
photo_id_visual,"Government photo ID, visual inspection",minor_purchases_prevented,1,scenario,purchase_attempt_rate,0.7344514057925966,0.7344514057925966
photo_id_visual,"Government photo ID, visual inspection",minor_purchases_prevented,2,scenario,minor_share,0.4879346977984379,0.4879346977984379
photo_id_visual,"Government photo ID, visual inspection",minor_purchases_prevented,3,method,minor_circumvention_rate,-0.39300415093416174,0.39300415093416174
photo_id_visual,"Government photo ID, visual inspection",minor_purchases_prevented,4,method,minor_detection_rate,0.161880014648496,0.161880014648496
photo_id_visual,"Government photo ID, visual inspection",minor_purchases_prevented,5,method,variable_cost_per_check,0.007543039700489217,0.007543039700489217
photo_id_visual,"Government photo ID, visual inspection",minor_purchases_prevented,6,method,adult_abandonment_rate,-0.005820108989592045,0.005820108989592045
photo_id_visual,"Government photo ID, visual inspection",minor_purchases_prevented,7,method,adult_false_rejection_rate,0.003874505856397803,0.003874505856397803
photo_id_visual,"Government photo ID, visual inspection",minor_purchases_prevented,8,method,verification_check_rate,-0.003169615329811846,0.003169615329811846
photo_id_visual,"Government photo ID, visual inspection",minor_purchases_prevented,9,method,higher_friction_abandonment_multiplier,-0.002869857383803943,0.002869857383803943
photo_id_visual,"Government photo ID, visual inspection",minor_purchases_prevented,10,scenario,higher_friction_adult_share,0.002846236381042495,0.002846236381042495
photo_id_visual,"Government photo ID, visual inspection",minor_purchases_prevented,11,method,fixed_annual_cost,-0.001499944147511978,0.001499944147511978
photo_id_visual,"Government photo ID, visual inspection",minor_purchases_prevented,12,method,higher_friction_false_rejection_multiplier,-0.00113012457261205,0.00113012457261205
photo_id_visual,"Government photo ID, visual inspection",adult_adverse_outcomes,1,method,adult_abandonment_rate,0.7845754734859263,0.7845754734859263
photo_id_visual,"Government photo ID, visual inspection",adult_adverse_outcomes,2,scenario,purchase_attempt_rate,0.45267025492158014,0.45267025492158014
photo_id_visual,"Government photo ID, visual inspection",adult_adverse_outcomes,3,method,adult_false_rejection_rate,0.31988057538248027,0.31988057538248027
photo_id_visual,"Government photo ID, visual inspection",adult_adverse_outcomes,4,scenario,higher_friction_adult_share,0.1163966810091827,0.1163966810091827
photo_id_visual,"Government photo ID, visual inspection",adult_adverse_outcomes,5,method,higher_friction_abandonment_multiplier,0.10799313788188525,0.10799313788188525
photo_id_visual,"Government photo ID, visual inspection",adult_adverse_outcomes,6,scenario,minor_share,-0.0632372541656149,0.0632372541656149
photo_id_visual,"Government photo ID, visual inspection",adult_adverse_outcomes,7,method,higher_friction_false_rejection_multiplier,0.032056052025654425,0.032056052025654425
photo_id_visual,"Government photo ID, visual inspection",adult_adverse_outcomes,8,method,minor_circumvention_rate,-0.004110659387628264,0.004110659387628264
photo_id_visual,"Government photo ID, visual inspection",adult_adverse_outcomes,9,method,variable_cost_per_check,-0.0015712939243725178,0.0015712939243725178
photo_id_visual,"Government photo ID, visual inspection",adult_adverse_outcomes,10,method,verification_check_rate,0.000962257075008903,0.000962257075008903
photo_id_visual,"Government photo ID, visual inspection",adult_adverse_outcomes,11,method,minor_detection_rate,0.0008193899835277561,0.0008193899835277561
photo_id_visual,"Government photo ID, visual inspection",adult_adverse_outcomes,12,method,fixed_annual_cost,-0.0005007435248722975,0.0005007435248722975
photo_id_visual,"Government photo ID, visual inspection",higher_friction_adult_adverse_outcomes,1,method,adult_abandonment_rate,0.5712775541029751,0.5712775541029751
photo_id_visual,"Government photo ID, visual inspection",higher_friction_adult_adverse_outcomes,2,scenario,higher_friction_adult_share,0.5418279697524113,0.5418279697524113
photo_id_visual,"Government photo ID, visual inspection",higher_friction_adult_adverse_outcomes,3,scenario,purchase_attempt_rate,0.35008156370694465,0.35008156370694465
photo_id_visual,"Government photo ID, visual inspection",higher_friction_adult_adverse_outcomes,4,method,higher_friction_abandonment_multiplier,0.3413793147628238,0.3413793147628238
photo_id_visual,"Government photo ID, visual inspection",higher_friction_adult_adverse_outcomes,5,method,adult_false_rejection_rate,0.24225111642675648,0.24225111642675648
photo_id_visual,"Government photo ID, visual inspection",higher_friction_adult_adverse_outcomes,6,method,higher_friction_false_rejection_multiplier,0.11719528417903813,0.11719528417903813
photo_id_visual,"Government photo ID, visual inspection",higher_friction_adult_adverse_outcomes,7,scenario,minor_share,-0.05074451635184982,0.05074451635184982
photo_id_visual,"Government photo ID, visual inspection",higher_friction_adult_adverse_outcomes,8,method,minor_circumvention_rate,-0.006237206187742883,0.006237206187742883
photo_id_visual,"Government photo ID, visual inspection",higher_friction_adult_adverse_outcomes,9,method,variable_cost_per_check,-0.0013231531027692615,0.0013231531027692615
photo_id_visual,"Government photo ID, visual inspection",higher_friction_adult_adverse_outcomes,10,method,fixed_annual_cost,-0.0009733726126133491,0.0009733726126133491
photo_id_visual,"Government photo ID, visual inspection",higher_friction_adult_adverse_outcomes,11,method,minor_detection_rate,0.0007162616787825046,0.0007162616787825046
photo_id_visual,"Government photo ID, visual inspection",higher_friction_adult_adverse_outcomes,12,method,verification_check_rate,0.0006287709263635083,0.0006287709263635083
photo_id_visual,"Government photo ID, visual inspection",total_annual_cost,1,method,fixed_annual_cost,0.9946113315374607,0.9946113315374607
photo_id_visual,"Government photo ID, visual inspection",total_annual_cost,2,method,variable_cost_per_check,0.08119088614534037,0.08119088614534037
photo_id_visual,"Government photo ID, visual inspection",total_annual_cost,3,scenario,purchase_attempt_rate,0.0343607420924323,0.0343607420924323
photo_id_visual,"Government photo ID, visual inspection",total_annual_cost,4,method,verification_check_rate,0.02934239677567296,0.02934239677567296
photo_id_visual,"Government photo ID, visual inspection",total_annual_cost,5,method,adult_abandonment_rate,-0.009974555303381823,0.009974555303381823
photo_id_visual,"Government photo ID, visual inspection",total_annual_cost,6,method,higher_friction_false_rejection_multiplier,-0.004277488858158996,0.004277488858158996
photo_id_visual,"Government photo ID, visual inspection",total_annual_cost,7,method,minor_detection_rate,0.0029474055416909626,0.0029474055416909626
photo_id_visual,"Government photo ID, visual inspection",total_annual_cost,8,scenario,higher_friction_adult_share,-0.002272519669677008,0.002272519669677008
photo_id_visual,"Government photo ID, visual inspection",total_annual_cost,9,method,higher_friction_abandonment_multiplier,-0.002115579487566232,0.002115579487566232
photo_id_visual,"Government photo ID, visual inspection",total_annual_cost,10,method,minor_circumvention_rate,0.001900767733912307,0.001900767733912307
photo_id_visual,"Government photo ID, visual inspection",total_annual_cost,11,scenario,minor_share,-0.00152894960691558,0.00152894960691558
photo_id_visual,"Government photo ID, visual inspection",total_annual_cost,12,method,adult_false_rejection_rate,0.0013228038291371216,0.0013228038291371216
document_upload,Document upload,minor_purchases_prevented,1,scenario,purchase_attempt_rate,0.7219166883466547,0.7219166883466547
document_upload,Document upload,minor_purchases_prevented,2,scenario,minor_share,0.48415575274716627,0.48415575274716627
document_upload,Document upload,minor_purchases_prevented,3,method,minor_circumvention_rate,-0.4393451270039621,0.4393451270039621
document_upload,Document upload,minor_purchases_prevented,4,method,minor_detection_rate,0.11467202324273282,0.11467202324273282
document_upload,Document upload,minor_purchases_prevented,5,method,fixed_annual_cost,-0.011216713546918685,0.011216713546918685
document_upload,Document upload,minor_purchases_prevented,6,method,verification_check_rate,0.010002929895521174,0.010002929895521174
document_upload,Document upload,minor_purchases_prevented,7,method,third_party_disclosures_per_check,0.008641829636448732,0.008641829636448732
document_upload,Document upload,minor_purchases_prevented,8,method,higher_friction_abandonment_multiplier,-0.008617865742135147,0.008617865742135147
document_upload,Document upload,minor_purchases_prevented,9,method,adult_abandonment_rate,-0.007733910493557564,0.007733910493557564
document_upload,Document upload,minor_purchases_prevented,10,scenario,higher_friction_adult_share,0.0065410692998644285,0.0065410692998644285
document_upload,Document upload,minor_purchases_prevented,11,method,records_per_check,-0.00633164684230866,0.00633164684230866
document_upload,Document upload,minor_purchases_prevented,12,method,annual_breach_probability,0.003645350668338141,0.003645350668338141
document_upload,Document upload,minor_purchases_prevented,13,method,biometric_scans_per_check,0.003360541561824217,0.003360541561824217
document_upload,Document upload,minor_purchases_prevented,14,method,variable_cost_per_check,0.0024024709381449886,0.0024024709381449886
document_upload,Document upload,minor_purchases_prevented,15,method,adult_false_rejection_rate,-0.0014541061099256427,0.0014541061099256427
document_upload,Document upload,minor_purchases_prevented,16,method,higher_friction_false_rejection_multiplier,-0.0012375061755990025,0.0012375061755990025
document_upload,Document upload,minor_purchases_prevented,17,method,centralized_record_fraction,0.00026129852199251944,0.00026129852199251944
document_upload,Document upload,adult_adverse_outcomes,1,method,adult_abandonment_rate,0.7684926052009972,0.7684926052009972
document_upload,Document upload,adult_adverse_outcomes,2,scenario,purchase_attempt_rate,0.49272984322118796,0.49272984322118796
document_upload,Document upload,adult_adverse_outcomes,3,method,adult_false_rejection_rate,0.2501110270383484,0.2501110270383484
document_upload,Document upload,adult_adverse_outcomes,4,scenario,higher_friction_adult_share,0.14669363995432547,0.14669363995432547
document_upload,Document upload,adult_adverse_outcomes,5,method,higher_friction_abandonment_multiplier,0.14616259239638507,0.14616259239638507
document_upload,Document upload,adult_adverse_outcomes,6,scenario,minor_share,-0.06387018202033208,0.06387018202033208
document_upload,Document upload,adult_adverse_outcomes,7,method,higher_friction_false_rejection_multiplier,0.03433686057015075,0.03433686057015075
document_upload,Document upload,adult_adverse_outcomes,8,method,fixed_annual_cost,-0.011460510145608206,0.011460510145608206
document_upload,Document upload,adult_adverse_outcomes,9,method,third_party_disclosures_per_check,0.006774300757173721,0.006774300757173721
document_upload,Document upload,adult_adverse_outcomes,10,method,variable_cost_per_check,-0.003615610747590245,0.003615610747590245
document_upload,Document upload,adult_adverse_outcomes,11,method,biometric_scans_per_check,-0.003613337321477335,0.003613337321477335
document_upload,Document upload,adult_adverse_outcomes,12,method,records_per_check,-0.00245629965112652,0.00245629965112652
document_upload,Document upload,adult_adverse_outcomes,13,method,centralized_record_fraction,0.0021737211477174884,0.0021737211477174884
document_upload,Document upload,adult_adverse_outcomes,14,method,minor_circumvention_rate,0.00139022487655609,0.00139022487655609
document_upload,Document upload,adult_adverse_outcomes,15,method,minor_detection_rate,0.000737190005478876,0.000737190005478876
document_upload,Document upload,adult_adverse_outcomes,16,method,verification_check_rate,-0.0005939637426695855,0.0005939637426695855
document_upload,Document upload,adult_adverse_outcomes,17,method,annual_breach_probability,-0.0003421713852888686,0.0003421713852888686
document_upload,Document upload,higher_friction_adult_adverse_outcomes,1,scenario,higher_friction_adult_share,0.5815408074068245,0.5815408074068245
document_upload,Document upload,higher_friction_adult_adverse_outcomes,2,method,adult_abandonment_rate,0.5046719891819328,0.5046719891819328
document_upload,Document upload,higher_friction_adult_adverse_outcomes,3,method,higher_friction_abandonment_multiplier,0.4020040877655377,0.4020040877655377
document_upload,Document upload,higher_friction_adult_adverse_outcomes,4,scenario,purchase_attempt_rate,0.37318811367282734,0.37318811367282734
document_upload,Document upload,higher_friction_adult_adverse_outcomes,5,method,adult_false_rejection_rate,0.13978682315341875,0.13978682315341875
document_upload,Document upload,higher_friction_adult_adverse_outcomes,6,method,higher_friction_false_rejection_multiplier,0.09278854116380342,0.09278854116380342
document_upload,Document upload,higher_friction_adult_adverse_outcomes,7,scenario,minor_share,-0.04740180333134472,0.04740180333134472
document_upload,Document upload,higher_friction_adult_adverse_outcomes,8,method,fixed_annual_cost,-0.008890935862180375,0.008890935862180375
document_upload,Document upload,higher_friction_adult_adverse_outcomes,9,method,third_party_disclosures_per_check,0.008819629798535853,0.008819629798535853
document_upload,Document upload,higher_friction_adult_adverse_outcomes,10,method,records_per_check,-0.004041261372560505,0.004041261372560505
document_upload,Document upload,higher_friction_adult_adverse_outcomes,11,method,centralized_record_fraction,0.0033539608271975847,0.0033539608271975847
document_upload,Document upload,higher_friction_adult_adverse_outcomes,12,method,variable_cost_per_check,-0.0032206717470162688,0.0032206717470162688
document_upload,Document upload,higher_friction_adult_adverse_outcomes,13,method,biometric_scans_per_check,-0.002147079686394832,0.002147079686394832
document_upload,Document upload,higher_friction_adult_adverse_outcomes,14,method,minor_detection_rate,-0.001589647032155859,0.001589647032155859
document_upload,Document upload,higher_friction_adult_adverse_outcomes,15,method,annual_breach_probability,-0.0011402388265680955,0.0011402388265680955
document_upload,Document upload,higher_friction_adult_adverse_outcomes,16,method,minor_circumvention_rate,0.0008244950654817981,0.0008244950654817981
document_upload,Document upload,higher_friction_adult_adverse_outcomes,17,method,verification_check_rate,0.0007505910481082366,0.0007505910481082366
document_upload,Document upload,identity_records_created,1,method,records_per_check,0.8810865768261307,0.8810865768261307
document_upload,Document upload,identity_records_created,2,scenario,purchase_attempt_rate,0.39346154056074467,0.39346154056074467
document_upload,Document upload,identity_records_created,3,method,adult_abandonment_rate,-0.17763668164955068,0.17763668164955068
document_upload,Document upload,identity_records_created,4,method,verification_check_rate,0.07319115624028447,0.07319115624028447
document_upload,Document upload,identity_records_created,5,method,higher_friction_abandonment_multiplier,-0.04220356453678543,0.04220356453678543
document_upload,Document upload,identity_records_created,6,scenario,higher_friction_adult_share,-0.03209013567674006,0.03209013567674006
document_upload,Document upload,identity_records_created,7,scenario,minor_share,0.016298142263031258,0.016298142263031258
document_upload,Document upload,identity_records_created,8,method,biometric_scans_per_check,0.008380332469720135,0.008380332469720135
document_upload,Document upload,identity_records_created,9,method,annual_breach_probability,0.006646190800386477,0.006646190800386477
document_upload,Document upload,identity_records_created,10,method,fixed_annual_cost,-0.005991725389052691,0.005991725389052691
document_upload,Document upload,identity_records_created,11,method,minor_detection_rate,0.0058712495147004995,0.0058712495147004995
document_upload,Document upload,identity_records_created,12,method,adult_false_rejection_rate,0.0043070921235788375,0.0043070921235788375
document_upload,Document upload,identity_records_created,13,method,centralized_record_fraction,0.0034505683969322273,0.0034505683969322273
document_upload,Document upload,identity_records_created,14,method,minor_circumvention_rate,0.002839686762223875,0.002839686762223875
document_upload,Document upload,identity_records_created,15,method,third_party_disclosures_per_check,0.001760904507008362,0.001760904507008362
document_upload,Document upload,identity_records_created,16,method,variable_cost_per_check,0.0012652026120260813,0.0012652026120260813
document_upload,Document upload,identity_records_created,17,method,higher_friction_false_rejection_multiplier,-0.001173747337621499,0.001173747337621499
document_upload,Document upload,expected_records_exposed,1,method,annual_breach_probability,0.8400483693139394,0.8400483693139394
document_upload,Document upload,expected_records_exposed,2,method,records_per_check,0.45371691031348677,0.45371691031348677
document_upload,Document upload,expected_records_exposed,3,scenario,purchase_attempt_rate,0.21108140843313658,0.21108140843313658
document_upload,Document upload,expected_records_exposed,4,method,adult_abandonment_rate,-0.09905006391482003,0.09905006391482003
document_upload,Document upload,expected_records_exposed,5,method,verification_check_rate,0.04327218018156487,0.04327218018156487
document_upload,Document upload,expected_records_exposed,6,method,higher_friction_abandonment_multiplier,-0.02150409231884164,0.02150409231884164
document_upload,Document upload,expected_records_exposed,7,scenario,higher_friction_adult_share,-0.01921857326055143,0.01921857326055143
document_upload,Document upload,expected_records_exposed,8,scenario,minor_share,0.008825366112938146,0.008825366112938146
document_upload,Document upload,expected_records_exposed,9,method,minor_detection_rate,0.004188003704107201,0.004188003704107201
document_upload,Document upload,expected_records_exposed,10,method,adult_false_rejection_rate,0.0034619832179927936,0.0034619832179927936
document_upload,Document upload,expected_records_exposed,11,method,centralized_record_fraction,0.0023931058692452426,0.0023931058692452426
document_upload,Document upload,expected_records_exposed,12,method,variable_cost_per_check,-0.0019957461628142986,0.0019957461628142986
document_upload,Document upload,expected_records_exposed,13,method,higher_friction_false_rejection_multiplier,0.0015561589096784638,0.0015561589096784638
document_upload,Document upload,expected_records_exposed,14,method,fixed_annual_cost,-0.0011787682595435075,0.0011787682595435075
document_upload,Document upload,expected_records_exposed,15,method,biometric_scans_per_check,0.0009840369361056149,0.0009840369361056149
document_upload,Document upload,expected_records_exposed,16,method,minor_circumvention_rate,-0.0007992293911996918,0.0007992293911996918
document_upload,Document upload,expected_records_exposed,17,method,third_party_disclosures_per_check,0.000475129859902052,0.000475129859902052
document_upload,Document upload,total_annual_cost,1,method,fixed_annual_cost,0.9822393899331519,0.9822393899331519
document_upload,Document upload,total_annual_cost,2,method,variable_cost_per_check,0.15150609718351446,0.15150609718351446
document_upload,Document upload,total_annual_cost,3,scenario,purchase_attempt_rate,0.057030958834236395,0.057030958834236395
document_upload,Document upload,total_annual_cost,4,method,adult_abandonment_rate,-0.038550265261500107,0.038550265261500107
document_upload,Document upload,total_annual_cost,5,method,higher_friction_abandonment_multiplier,-0.01586857401946743,0.01586857401946743
document_upload,Document upload,total_annual_cost,6,method,verification_check_rate,0.009629538470123817,0.009629538470123817
document_upload,Document upload,total_annual_cost,7,method,minor_detection_rate,-0.008226682827290674,0.008226682827290674
document_upload,Document upload,total_annual_cost,8,method,centralized_record_fraction,-0.003746210902330485,0.003746210902330485
document_upload,Document upload,total_annual_cost,9,method,biometric_scans_per_check,0.003526646952450659,0.003526646952450659
document_upload,Document upload,total_annual_cost,10,method,records_per_check,-0.003067142274698857,0.003067142274698857
document_upload,Document upload,total_annual_cost,11,scenario,minor_share,-0.0023044758280897906,0.0023044758280897906
document_upload,Document upload,total_annual_cost,12,method,higher_friction_false_rejection_multiplier,0.0021525506729250204,0.0021525506729250204
document_upload,Document upload,total_annual_cost,13,method,annual_breach_probability,0.0018148536593819416,0.0018148536593819416
document_upload,Document upload,total_annual_cost,14,method,adult_false_rejection_rate,-0.001333001913173201,0.001333001913173201
document_upload,Document upload,total_annual_cost,15,method,minor_circumvention_rate,-0.0012530335462292135,0.0012530335462292135
document_upload,Document upload,total_annual_cost,16,method,third_party_disclosures_per_check,-0.0005975016060950006,0.0005975016060950006
document_upload,Document upload,total_annual_cost,17,scenario,higher_friction_adult_share,5.516457256606583e-05,5.516457256606583e-05
facial_age_estimation,Facial age estimation,minor_purchases_prevented,1,scenario,purchase_attempt_rate,0.6077414355569527,0.6077414355569527
facial_age_estimation,Facial age estimation,minor_purchases_prevented,2,method,minor_circumvention_rate,-0.5243952348421421,0.5243952348421421
facial_age_estimation,Facial age estimation,minor_purchases_prevented,3,scenario,minor_share,0.4041727943835891,0.4041727943835891
facial_age_estimation,Facial age estimation,minor_purchases_prevented,4,method,minor_detection_rate,0.36807969973225585,0.36807969973225585
facial_age_estimation,Facial age estimation,minor_purchases_prevented,5,method,higher_friction_false_rejection_multiplier,-0.006899571590087829,0.006899571590087829
facial_age_estimation,Facial age estimation,minor_purchases_prevented,6,method,higher_friction_abandonment_multiplier,-0.005798556822927422,0.005798556822927422
facial_age_estimation,Facial age estimation,minor_purchases_prevented,7,method,adult_abandonment_rate,0.004995184541070074,0.004995184541070074
facial_age_estimation,Facial age estimation,minor_purchases_prevented,8,scenario,higher_friction_adult_share,-0.003820751216440301,0.003820751216440301
facial_age_estimation,Facial age estimation,minor_purchases_prevented,9,method,variable_cost_per_check,0.003342076302232831,0.003342076302232831
facial_age_estimation,Facial age estimation,minor_purchases_prevented,10,method,third_party_disclosures_per_check,0.0031302327547240933,0.0031302327547240933
facial_age_estimation,Facial age estimation,minor_purchases_prevented,11,method,adult_false_rejection_rate,-0.002785183402234074,0.002785183402234074
facial_age_estimation,Facial age estimation,minor_purchases_prevented,12,method,verification_check_rate,-0.002564205326081682,0.002564205326081682
facial_age_estimation,Facial age estimation,minor_purchases_prevented,13,method,records_per_check,0.00220992465189197,0.00220992465189197
facial_age_estimation,Facial age estimation,minor_purchases_prevented,14,method,fixed_annual_cost,-0.002104989358441996,0.002104989358441996
facial_age_estimation,Facial age estimation,minor_purchases_prevented,15,method,centralized_record_fraction,-0.0017423549303289424,0.0017423549303289424
facial_age_estimation,Facial age estimation,minor_purchases_prevented,16,method,annual_breach_probability,-0.0015264151549785662,0.0015264151549785662
facial_age_estimation,Facial age estimation,minor_purchases_prevented,17,method,biometric_scans_per_check,-0.0012901043680680418,0.0012901043680680418
facial_age_estimation,Facial age estimation,adult_adverse_outcomes,1,method,adult_abandonment_rate,0.6018706788306044,0.6018706788306044
facial_age_estimation,Facial age estimation,adult_adverse_outcomes,2,method,adult_false_rejection_rate,0.5812939339266296,0.5812939339266296
facial_age_estimation,Facial age estimation,adult_adverse_outcomes,3,scenario,purchase_attempt_rate,0.47935230608700496,0.47935230608700496
facial_age_estimation,Facial age estimation,adult_adverse_outcomes,4,scenario,higher_friction_adult_share,0.06998491230053798,0.06998491230053798
facial_age_estimation,Facial age estimation,adult_adverse_outcomes,5,method,higher_friction_false_rejection_multiplier,0.06305914241335167,0.06305914241335167
facial_age_estimation,Facial age estimation,adult_adverse_outcomes,6,scenario,minor_share,-0.056802663800033064,0.056802663800033064
facial_age_estimation,Facial age estimation,adult_adverse_outcomes,7,method,higher_friction_abandonment_multiplier,0.053036993593822794,0.053036993593822794
facial_age_estimation,Facial age estimation,adult_adverse_outcomes,8,method,minor_detection_rate,-0.009190185256732075,0.009190185256732075
facial_age_estimation,Facial age estimation,adult_adverse_outcomes,9,method,third_party_disclosures_per_check,0.008679237997167695,0.008679237997167695
facial_age_estimation,Facial age estimation,adult_adverse_outcomes,10,method,biometric_scans_per_check,-0.0075704426114441776,0.0075704426114441776
facial_age_estimation,Facial age estimation,adult_adverse_outcomes,11,method,verification_check_rate,0.005625930842826372,0.005625930842826372
facial_age_estimation,Facial age estimation,adult_adverse_outcomes,12,method,annual_breach_probability,-0.004667657635051063,0.004667657635051063
facial_age_estimation,Facial age estimation,adult_adverse_outcomes,13,method,centralized_record_fraction,0.0038043180971377277,0.0038043180971377277
facial_age_estimation,Facial age estimation,adult_adverse_outcomes,14,method,records_per_check,-0.003040239448480096,0.003040239448480096
facial_age_estimation,Facial age estimation,adult_adverse_outcomes,15,method,variable_cost_per_check,0.0010627829288091134,0.0010627829288091134
facial_age_estimation,Facial age estimation,adult_adverse_outcomes,16,method,fixed_annual_cost,0.00034733191194693283,0.00034733191194693283
facial_age_estimation,Facial age estimation,adult_adverse_outcomes,17,method,minor_circumvention_rate,6.323822978529529e-05,6.323822978529529e-05
facial_age_estimation,Facial age estimation,higher_friction_adult_adverse_outcomes,1,scenario,higher_friction_adult_share,0.56182479124521,0.56182479124521
facial_age_estimation,Facial age estimation,higher_friction_adult_adverse_outcomes,2,method,adult_false_rejection_rate,0.4480075765903391,0.4480075765903391
facial_age_estimation,Facial age estimation,higher_friction_adult_adverse_outcomes,3,method,adult_abandonment_rate,0.4114856205908663,0.4114856205908663
facial_age_estimation,Facial age estimation,higher_friction_adult_adverse_outcomes,4,scenario,purchase_attempt_rate,0.36325076371493237,0.36325076371493237
facial_age_estimation,Facial age estimation,higher_friction_adult_adverse_outcomes,5,method,higher_friction_false_rejection_multiplier,0.25566399946956164,0.25566399946956164
facial_age_estimation,Facial age estimation,higher_friction_adult_adverse_outcomes,6,method,higher_friction_abandonment_multiplier,0.21315183682945274,0.21315183682945274
facial_age_estimation,Facial age estimation,higher_friction_adult_adverse_outcomes,7,scenario,minor_share,-0.04356501425496201,0.04356501425496201
facial_age_estimation,Facial age estimation,higher_friction_adult_adverse_outcomes,8,method,biometric_scans_per_check,-0.01125134570629254,0.01125134570629254
facial_age_estimation,Facial age estimation,higher_friction_adult_adverse_outcomes,9,method,minor_detection_rate,-0.008887732492131093,0.008887732492131093
facial_age_estimation,Facial age estimation,higher_friction_adult_adverse_outcomes,10,method,fixed_annual_cost,-0.005705743632554298,0.005705743632554298
facial_age_estimation,Facial age estimation,higher_friction_adult_adverse_outcomes,11,method,variable_cost_per_check,0.005604072085665629,0.005604072085665629
facial_age_estimation,Facial age estimation,higher_friction_adult_adverse_outcomes,12,method,third_party_disclosures_per_check,0.005596395054366558,0.005596395054366558
facial_age_estimation,Facial age estimation,higher_friction_adult_adverse_outcomes,13,method,records_per_check,-0.004056007911830403,0.004056007911830403
facial_age_estimation,Facial age estimation,higher_friction_adult_adverse_outcomes,14,method,verification_check_rate,0.0033013237407125296,0.0033013237407125296
facial_age_estimation,Facial age estimation,higher_friction_adult_adverse_outcomes,15,method,minor_circumvention_rate,0.0024487175249474874,0.0024487175249474874
facial_age_estimation,Facial age estimation,higher_friction_adult_adverse_outcomes,16,method,centralized_record_fraction,0.0008358165457423267,0.0008358165457423267
facial_age_estimation,Facial age estimation,higher_friction_adult_adverse_outcomes,17,method,annual_breach_probability,0.0005151813248780725,0.0005151813248780725
facial_age_estimation,Facial age estimation,identity_records_created,1,method,records_per_check,0.9734503875503083,0.9734503875503083
facial_age_estimation,Facial age estimation,identity_records_created,2,scenario,purchase_attempt_rate,0.20761809170429524,0.20761809170429524
facial_age_estimation,Facial age estimation,identity_records_created,3,method,adult_abandonment_rate,-0.04664192970089678,0.04664192970089678
facial_age_estimation,Facial age estimation,identity_records_created,4,method,verification_check_rate,0.03610165223120866,0.03610165223120866
facial_age_estimation,Facial age estimation,identity_records_created,5,method,fixed_annual_cost,-0.00876129922459252,0.00876129922459252
facial_age_estimation,Facial age estimation,identity_records_created,6,method,higher_friction_abandonment_multiplier,-0.008220040620600017,0.008220040620600017
facial_age_estimation,Facial age estimation,identity_records_created,7,scenario,minor_share,0.0074517689078447075,0.0074517689078447075
facial_age_estimation,Facial age estimation,identity_records_created,8,method,adult_false_rejection_rate,-0.005841082773248434,0.005841082773248434
facial_age_estimation,Facial age estimation,identity_records_created,9,method,higher_friction_false_rejection_multiplier,-0.004715327826398131,0.004715327826398131
facial_age_estimation,Facial age estimation,identity_records_created,10,method,variable_cost_per_check,0.004142633197753054,0.004142633197753054
facial_age_estimation,Facial age estimation,identity_records_created,11,scenario,higher_friction_adult_share,-0.00380877510363551,0.00380877510363551
facial_age_estimation,Facial age estimation,identity_records_created,12,method,minor_detection_rate,-0.0025190137292636053,0.0025190137292636053
facial_age_estimation,Facial age estimation,identity_records_created,13,method,biometric_scans_per_check,0.0016946582487418636,0.0016946582487418636
facial_age_estimation,Facial age estimation,identity_records_created,14,method,centralized_record_fraction,-0.0007626818660330728,0.0007626818660330728
facial_age_estimation,Facial age estimation,identity_records_created,15,method,annual_breach_probability,0.00044377824075351134,0.00044377824075351134
facial_age_estimation,Facial age estimation,identity_records_created,16,method,minor_circumvention_rate,0.0003925129465570052,0.0003925129465570052
facial_age_estimation,Facial age estimation,identity_records_created,17,method,third_party_disclosures_per_check,-7.031186825212475e-05,7.031186825212475e-05
facial_age_estimation,Facial age estimation,expected_records_exposed,1,method,records_per_check,0.7090592646089677,0.7090592646089677
facial_age_estimation,Facial age estimation,expected_records_exposed,2,method,annual_breach_probability,0.6510615675360728,0.6510615675360728
facial_age_estimation,Facial age estimation,expected_records_exposed,3,scenario,purchase_attempt_rate,0.14906418187527368,0.14906418187527368
facial_age_estimation,Facial age estimation,expected_records_exposed,4,method,adult_abandonment_rate,-0.02994554322017022,0.02994554322017022
facial_age_estimation,Facial age estimation,expected_records_exposed,5,method,verification_check_rate,0.02752463733731386,0.02752463733731386
facial_age_estimation,Facial age estimation,expected_records_exposed,6,method,adult_false_rejection_rate,-0.010362670681649068,0.010362670681649068
facial_age_estimation,Facial age estimation,expected_records_exposed,7,method,higher_friction_abandonment_multiplier,-0.007107638071931055,0.007107638071931055
facial_age_estimation,Facial age estimation,expected_records_exposed,8,method,fixed_annual_cost,-0.00605870028415148,0.00605870028415148
facial_age_estimation,Facial age estimation,expected_records_exposed,9,method,higher_friction_false_rejection_multiplier,-0.005027165848986867,0.005027165848986867
facial_age_estimation,Facial age estimation,expected_records_exposed,10,scenario,higher_friction_adult_share,0.004021566507720627,0.004021566507720627
facial_age_estimation,Facial age estimation,expected_records_exposed,11,method,third_party_disclosures_per_check,-0.003161036301712415,0.003161036301712415
facial_age_estimation,Facial age estimation,expected_records_exposed,12,method,biometric_scans_per_check,0.002833476785837391,0.002833476785837391
facial_age_estimation,Facial age estimation,expected_records_exposed,13,method,variable_cost_per_check,0.002804079242177632,0.002804079242177632
facial_age_estimation,Facial age estimation,expected_records_exposed,14,method,minor_circumvention_rate,-0.002762492284176997,0.002762492284176997
facial_age_estimation,Facial age estimation,expected_records_exposed,15,scenario,minor_share,0.0010862139638904856,0.0010862139638904856
facial_age_estimation,Facial age estimation,expected_records_exposed,16,method,minor_detection_rate,0.0009998031227679213,0.0009998031227679213
facial_age_estimation,Facial age estimation,expected_records_exposed,17,method,centralized_record_fraction,9.09204658923682e-05,9.09204658923682e-05
facial_age_estimation,Facial age estimation,total_annual_cost,1,method,fixed_annual_cost,0.9834946482171739,0.9834946482171739
facial_age_estimation,Facial age estimation,total_annual_cost,2,method,variable_cost_per_check,0.16497626731165455,0.16497626731165455
facial_age_estimation,Facial age estimation,total_annual_cost,3,scenario,purchase_attempt_rate,0.05358240621756097,0.05358240621756097
facial_age_estimation,Facial age estimation,total_annual_cost,4,method,verification_check_rate,0.01223307067218923,0.01223307067218923
facial_age_estimation,Facial age estimation,total_annual_cost,5,method,adult_abandonment_rate,-0.009070307192812124,0.009070307192812124
facial_age_estimation,Facial age estimation,total_annual_cost,6,scenario,higher_friction_adult_share,-0.008187486398026996,0.008187486398026996
facial_age_estimation,Facial age estimation,total_annual_cost,7,method,higher_friction_false_rejection_multiplier,-0.007953440860333377,0.007953440860333377
facial_age_estimation,Facial age estimation,total_annual_cost,8,method,records_per_check,-0.007433858670045544,0.007433858670045544
facial_age_estimation,Facial age estimation,total_annual_cost,9,method,minor_detection_rate,0.007090625433076251,0.007090625433076251
facial_age_estimation,Facial age estimation,total_annual_cost,10,scenario,minor_share,-0.00516377350219351,0.00516377350219351
facial_age_estimation,Facial age estimation,total_annual_cost,11,method,minor_circumvention_rate,-0.00388777390494711,0.00388777390494711
facial_age_estimation,Facial age estimation,total_annual_cost,12,method,centralized_record_fraction,-0.003875067253454027,0.003875067253454027
facial_age_estimation,Facial age estimation,total_annual_cost,13,method,higher_friction_abandonment_multiplier,-0.0035987394693114965,0.0035987394693114965
facial_age_estimation,Facial age estimation,total_annual_cost,14,method,third_party_disclosures_per_check,0.0024905228422442095,0.0024905228422442095
facial_age_estimation,Facial age estimation,total_annual_cost,15,method,adult_false_rejection_rate,-0.0019558392763343356,0.0019558392763343356
facial_age_estimation,Facial age estimation,total_annual_cost,16,method,annual_breach_probability,-0.0018085560742594226,0.0018085560742594226
facial_age_estimation,Facial age estimation,total_annual_cost,17,method,biometric_scans_per_check,-0.0014539187505655674,0.0014539187505655674
reusable_age_token,Reusable third-party age token,minor_purchases_prevented,1,scenario,purchase_attempt_rate,0.7010438565304337,0.7010438565304337
reusable_age_token,Reusable third-party age token,minor_purchases_prevented,2,method,minor_circumvention_rate,-0.47128252643449703,0.47128252643449703
reusable_age_token,Reusable third-party age token,minor_purchases_prevented,3,scenario,minor_share,0.46881983602275995,0.46881983602275995
reusable_age_token,Reusable third-party age token,minor_purchases_prevented,4,method,minor_detection_rate,0.12957412352235764,0.12957412352235764
reusable_age_token,Reusable third-party age token,minor_purchases_prevented,5,method,adult_false_rejection_rate,-0.008951838389692737,0.008951838389692737
reusable_age_token,Reusable third-party age token,minor_purchases_prevented,6,method,adult_abandonment_rate,-0.00556637136587455,0.00556637136587455
reusable_age_token,Reusable third-party age token,minor_purchases_prevented,7,method,variable_cost_per_check,0.005491475442612591,0.005491475442612591
reusable_age_token,Reusable third-party age token,minor_purchases_prevented,8,method,fixed_annual_cost,-0.005071338893484536,0.005071338893484536
reusable_age_token,Reusable third-party age token,minor_purchases_prevented,9,method,higher_friction_false_rejection_multiplier,0.0038611800354324726,0.0038611800354324726
reusable_age_token,Reusable third-party age token,minor_purchases_prevented,10,method,centralized_record_fraction,-0.003129555591651822,0.003129555591651822
reusable_age_token,Reusable third-party age token,minor_purchases_prevented,11,method,biometric_scans_per_check,-0.0028852272842900912,0.0028852272842900912
reusable_age_token,Reusable third-party age token,minor_purchases_prevented,12,method,higher_friction_abandonment_multiplier,-0.002761304421264522,0.002761304421264522
reusable_age_token,Reusable third-party age token,minor_purchases_prevented,13,method,annual_breach_probability,0.002720423005568169,0.002720423005568169
reusable_age_token,Reusable third-party age token,minor_purchases_prevented,14,method,third_party_disclosures_per_check,-0.001951370029260548,0.001951370029260548
reusable_age_token,Reusable third-party age token,minor_purchases_prevented,15,scenario,higher_friction_adult_share,-0.0019308687025963477,0.0019308687025963477
reusable_age_token,Reusable third-party age token,minor_purchases_prevented,16,method,verification_check_rate,0.0013689668344035867,0.0013689668344035867
reusable_age_token,Reusable third-party age token,minor_purchases_prevented,17,method,records_per_check,-0.0012931892603892758,0.0012931892603892758
reusable_age_token,Reusable third-party age token,adult_adverse_outcomes,1,method,adult_abandonment_rate,0.8019167191665908,0.8019167191665908
reusable_age_token,Reusable third-party age token,adult_adverse_outcomes,2,scenario,purchase_attempt_rate,0.40513331448566936,0.40513331448566936
reusable_age_token,Reusable third-party age token,adult_adverse_outcomes,3,method,adult_false_rejection_rate,0.3463458141434023,0.3463458141434023
reusable_age_token,Reusable third-party age token,adult_adverse_outcomes,4,method,higher_friction_abandonment_multiplier,0.11392737386329896,0.11392737386329896
reusable_age_token,Reusable third-party age token,adult_adverse_outcomes,5,scenario,higher_friction_adult_share,0.11299926784731171,0.11299926784731171
reusable_age_token,Reusable third-party age token,adult_adverse_outcomes,6,scenario,minor_share,-0.0623539786055816,0.0623539786055816
reusable_age_token,Reusable third-party age token,adult_adverse_outcomes,7,method,higher_friction_false_rejection_multiplier,0.04546628160849052,0.04546628160849052
reusable_age_token,Reusable third-party age token,adult_adverse_outcomes,8,method,centralized_record_fraction,-0.006459224957655691,0.006459224957655691
reusable_age_token,Reusable third-party age token,adult_adverse_outcomes,9,method,fixed_annual_cost,-0.005856785028518714,0.005856785028518714
reusable_age_token,Reusable third-party age token,adult_adverse_outcomes,10,method,third_party_disclosures_per_check,0.004559556835967823,0.004559556835967823
reusable_age_token,Reusable third-party age token,adult_adverse_outcomes,11,method,annual_breach_probability,0.0027016010397366407,0.0027016010397366407
reusable_age_token,Reusable third-party age token,adult_adverse_outcomes,12,method,minor_detection_rate,0.0026698619192759452,0.0026698619192759452
reusable_age_token,Reusable third-party age token,adult_adverse_outcomes,13,method,variable_cost_per_check,0.0014231983773052796,0.0014231983773052796
reusable_age_token,Reusable third-party age token,adult_adverse_outcomes,14,method,verification_check_rate,0.001275037501278015,0.001275037501278015
reusable_age_token,Reusable third-party age token,adult_adverse_outcomes,15,method,biometric_scans_per_check,-0.0006719118012287647,0.0006719118012287647
reusable_age_token,Reusable third-party age token,adult_adverse_outcomes,16,method,records_per_check,0.0005519109801887644,0.0005519109801887644
reusable_age_token,Reusable third-party age token,adult_adverse_outcomes,17,method,minor_circumvention_rate,0.0005510217988124088,0.0005510217988124088
reusable_age_token,Reusable third-party age token,higher_friction_adult_adverse_outcomes,1,method,adult_abandonment_rate,0.6002810895685605,0.6002810895685605
reusable_age_token,Reusable third-party age token,higher_friction_adult_adverse_outcomes,2,scenario,higher_friction_adult_share,0.506514633903598,0.506514633903598
reusable_age_token,Reusable third-party age token,higher_friction_adult_adverse_outcomes,3,method,higher_friction_abandonment_multiplier,0.34537802220557523,0.34537802220557523
reusable_age_token,Reusable third-party age token,higher_friction_adult_adverse_outcomes,4,scenario,purchase_attempt_rate,0.3266568880075268,0.3266568880075268
reusable_age_token,Reusable third-party age token,higher_friction_adult_adverse_outcomes,5,method,adult_false_rejection_rate,0.2737814559908886,0.2737814559908886
reusable_age_token,Reusable third-party age token,higher_friction_adult_adverse_outcomes,6,method,higher_friction_false_rejection_multiplier,0.13878494759225,0.13878494759225
reusable_age_token,Reusable third-party age token,higher_friction_adult_adverse_outcomes,7,scenario,minor_share,-0.048783211197529285,0.048783211197529285
reusable_age_token,Reusable third-party age token,higher_friction_adult_adverse_outcomes,8,method,centralized_record_fraction,-0.006578181688167273,0.006578181688167273
reusable_age_token,Reusable third-party age token,higher_friction_adult_adverse_outcomes,9,method,minor_detection_rate,0.006000040472640016,0.006000040472640016
reusable_age_token,Reusable third-party age token,higher_friction_adult_adverse_outcomes,10,method,records_per_check,0.00549647489835859,0.00549647489835859
reusable_age_token,Reusable third-party age token,higher_friction_adult_adverse_outcomes,11,method,third_party_disclosures_per_check,0.005168741972787497,0.005168741972787497
reusable_age_token,Reusable third-party age token,higher_friction_adult_adverse_outcomes,12,method,fixed_annual_cost,-0.0050271609218828645,0.0050271609218828645
reusable_age_token,Reusable third-party age token,higher_friction_adult_adverse_outcomes,13,method,minor_circumvention_rate,0.004585825407850331,0.004585825407850331
reusable_age_token,Reusable third-party age token,higher_friction_adult_adverse_outcomes,14,method,annual_breach_probability,-0.0025480737293392297,0.0025480737293392297
reusable_age_token,Reusable third-party age token,higher_friction_adult_adverse_outcomes,15,method,variable_cost_per_check,0.002113394953613358,0.002113394953613358
reusable_age_token,Reusable third-party age token,higher_friction_adult_adverse_outcomes,16,method,verification_check_rate,0.001051485056292594,0.001051485056292594
reusable_age_token,Reusable third-party age token,higher_friction_adult_adverse_outcomes,17,method,biometric_scans_per_check,0.0006405442710402178,0.0006405442710402178
reusable_age_token,Reusable third-party age token,identity_records_created,1,method,records_per_check,0.9622214708670007,0.9622214708670007
reusable_age_token,Reusable third-party age token,identity_records_created,2,scenario,purchase_attempt_rate,0.23600385245081756,0.23600385245081756
reusable_age_token,Reusable third-party age token,identity_records_created,3,method,verification_check_rate,0.08747345224794938,0.08747345224794938
reusable_age_token,Reusable third-party age token,identity_records_created,4,method,adult_abandonment_rate,-0.060619585730647844,0.060619585730647844
reusable_age_token,Reusable third-party age token,identity_records_created,5,method,annual_breach_probability,0.00801379489616552,0.00801379489616552
reusable_age_token,Reusable third-party age token,identity_records_created,6,method,higher_friction_abandonment_multiplier,-0.006592563112557026,0.006592563112557026
reusable_age_token,Reusable third-party age token,identity_records_created,7,method,fixed_annual_cost,-0.004154066524829627,0.004154066524829627
reusable_age_token,Reusable third-party age token,identity_records_created,8,method,third_party_disclosures_per_check,-0.004136689707094676,0.004136689707094676
reusable_age_token,Reusable third-party age token,identity_records_created,9,method,variable_cost_per_check,0.003852359106916944,0.003852359106916944
reusable_age_token,Reusable third-party age token,identity_records_created,10,method,minor_circumvention_rate,0.0034691893167796755,0.0034691893167796755
reusable_age_token,Reusable third-party age token,identity_records_created,11,method,adult_false_rejection_rate,0.0027532147737092867,0.0027532147737092867
reusable_age_token,Reusable third-party age token,identity_records_created,12,scenario,minor_share,0.0020326266666690507,0.0020326266666690507
reusable_age_token,Reusable third-party age token,identity_records_created,13,method,centralized_record_fraction,-0.0020058258223063304,0.0020058258223063304
reusable_age_token,Reusable third-party age token,identity_records_created,14,method,biometric_scans_per_check,0.001667229951546892,0.001667229951546892
reusable_age_token,Reusable third-party age token,identity_records_created,15,scenario,higher_friction_adult_share,0.0015933900514213562,0.0015933900514213562
reusable_age_token,Reusable third-party age token,identity_records_created,16,method,minor_detection_rate,0.001354454800189782,0.001354454800189782
reusable_age_token,Reusable third-party age token,identity_records_created,17,method,higher_friction_false_rejection_multiplier,-0.001149979114251992,0.001149979114251992
reusable_age_token,Reusable third-party age token,expected_records_exposed,1,method,annual_breach_probability,0.7077670914263069,0.7077670914263069
reusable_age_token,Reusable third-party age token,expected_records_exposed,2,method,records_per_check,0.653232478339277,0.653232478339277
reusable_age_token,Reusable third-party age token,expected_records_exposed,3,scenario,purchase_attempt_rate,0.16658576533201033,0.16658576533201033
reusable_age_token,Reusable third-party age token,expected_records_exposed,4,method,verification_check_rate,0.0603494737392438,0.0603494737392438
reusable_age_token,Reusable third-party age token,expected_records_exposed,5,method,adult_abandonment_rate,-0.040947741634331104,0.040947741634331104
reusable_age_token,Reusable third-party age token,expected_records_exposed,6,method,higher_friction_abandonment_multiplier,-0.008668705222955483,0.008668705222955483
reusable_age_token,Reusable third-party age token,expected_records_exposed,7,method,variable_cost_per_check,0.007702211423720885,0.007702211423720885
reusable_age_token,Reusable third-party age token,expected_records_exposed,8,method,fixed_annual_cost,-0.0055132156259492865,0.0055132156259492865
reusable_age_token,Reusable third-party age token,expected_records_exposed,9,method,higher_friction_false_rejection_multiplier,-0.005469850577067941,0.005469850577067941
reusable_age_token,Reusable third-party age token,expected_records_exposed,10,scenario,higher_friction_adult_share,-0.003535732082278293,0.003535732082278293
reusable_age_token,Reusable third-party age token,expected_records_exposed,11,method,third_party_disclosures_per_check,-0.0029406532059122613,0.0029406532059122613
reusable_age_token,Reusable third-party age token,expected_records_exposed,12,method,centralized_record_fraction,0.0026413188012485277,0.0026413188012485277
reusable_age_token,Reusable third-party age token,expected_records_exposed,13,method,adult_false_rejection_rate,0.002387419347642968,0.002387419347642968
reusable_age_token,Reusable third-party age token,expected_records_exposed,14,method,biometric_scans_per_check,-0.0018244580317057831,0.0018244580317057831
reusable_age_token,Reusable third-party age token,expected_records_exposed,15,method,minor_circumvention_rate,0.001321629285360652,0.001321629285360652
reusable_age_token,Reusable third-party age token,expected_records_exposed,16,scenario,minor_share,-0.0013081788476592715,0.0013081788476592715
reusable_age_token,Reusable third-party age token,expected_records_exposed,17,method,minor_detection_rate,0.00026048156525619267,0.00026048156525619267
reusable_age_token,Reusable third-party age token,total_annual_cost,1,method,fixed_annual_cost,0.9991660196728506,0.9991660196728506
reusable_age_token,Reusable third-party age token,total_annual_cost,2,method,variable_cost_per_check,0.037396639210350656,0.037396639210350656
reusable_age_token,Reusable third-party age token,total_annual_cost,3,method,adult_abandonment_rate,-0.007604218963745688,0.007604218963745688
reusable_age_token,Reusable third-party age token,total_annual_cost,4,scenario,minor_share,0.004980078650952032,0.004980078650952032
reusable_age_token,Reusable third-party age token,total_annual_cost,5,scenario,higher_friction_adult_share,-0.004374487813557796,0.004374487813557796
reusable_age_token,Reusable third-party age token,total_annual_cost,6,method,verification_check_rate,0.004224116006937647,0.004224116006937647
reusable_age_token,Reusable third-party age token,total_annual_cost,7,scenario,purchase_attempt_rate,0.003949769759755908,0.003949769759755908
reusable_age_token,Reusable third-party age token,total_annual_cost,8,method,records_per_check,-0.0035142407156776964,0.0035142407156776964
reusable_age_token,Reusable third-party age token,total_annual_cost,9,method,third_party_disclosures_per_check,0.003340357899640143,0.003340357899640143
reusable_age_token,Reusable third-party age token,total_annual_cost,10,method,higher_friction_abandonment_multiplier,0.003335421119030169,0.003335421119030169
reusable_age_token,Reusable third-party age token,total_annual_cost,11,method,minor_detection_rate,-0.0032343786480457516,0.0032343786480457516
reusable_age_token,Reusable third-party age token,total_annual_cost,12,method,centralized_record_fraction,-0.0031240709519056286,0.0031240709519056286
reusable_age_token,Reusable third-party age token,total_annual_cost,13,method,minor_circumvention_rate,0.0029811010651604407,0.0029811010651604407
reusable_age_token,Reusable third-party age token,total_annual_cost,14,method,annual_breach_probability,-0.002848092489875237,0.002848092489875237
reusable_age_token,Reusable third-party age token,total_annual_cost,15,method,higher_friction_false_rejection_multiplier,0.0021757669057983066,0.0021757669057983066
reusable_age_token,Reusable third-party age token,total_annual_cost,16,method,biometric_scans_per_check,0.0011449792369699916,0.0011449792369699916
reusable_age_token,Reusable third-party age token,total_annual_cost,17,method,adult_false_rejection_rate,0.0011006170799602469,0.0011006170799602469
in_person_enrolment,In-person enrolment for online access,minor_purchases_prevented,1,scenario,purchase_attempt_rate,0.7731570242965908,0.7731570242965908
in_person_enrolment,In-person enrolment for online access,minor_purchases_prevented,2,scenario,minor_share,0.5158604774298642,0.5158604774298642
in_person_enrolment,In-person enrolment for online access,minor_purchases_prevented,3,method,minor_circumvention_rate,-0.30222845066671544,0.30222845066671544
in_person_enrolment,In-person enrolment for online access,minor_purchases_prevented,4,method,minor_detection_rate,0.07711778737423912,0.07711778737423912
in_person_enrolment,In-person enrolment for online access,minor_purchases_prevented,5,method,centralized_record_fraction,0.007888727076947492,0.007888727076947492
in_person_enrolment,In-person enrolment for online access,minor_purchases_prevented,6,method,records_per_check,0.007062768307625108,0.007062768307625108
in_person_enrolment,In-person enrolment for online access,minor_purchases_prevented,7,method,adult_false_rejection_rate,0.003993195798589279,0.003993195798589279
in_person_enrolment,In-person enrolment for online access,minor_purchases_prevented,8,method,adult_abandonment_rate,0.0038741941011976784,0.0038741941011976784
in_person_enrolment,In-person enrolment for online access,minor_purchases_prevented,9,method,third_party_disclosures_per_check,0.0033271380408828556,0.0033271380408828556
in_person_enrolment,In-person enrolment for online access,minor_purchases_prevented,10,method,higher_friction_abandonment_multiplier,0.00279027380367611,0.00279027380367611
in_person_enrolment,In-person enrolment for online access,minor_purchases_prevented,11,method,annual_breach_probability,-0.0023349909235899965,0.0023349909235899965
in_person_enrolment,In-person enrolment for online access,minor_purchases_prevented,12,scenario,higher_friction_adult_share,0.001954235614093694,0.001954235614093694
in_person_enrolment,In-person enrolment for online access,minor_purchases_prevented,13,method,biometric_scans_per_check,-0.0019055551180742222,0.0019055551180742222
in_person_enrolment,In-person enrolment for online access,minor_purchases_prevented,14,method,variable_cost_per_check,-0.0015540495745416198,0.0015540495745416198
in_person_enrolment,In-person enrolment for online access,minor_purchases_prevented,15,method,higher_friction_false_rejection_multiplier,-0.000802339731104936,0.000802339731104936
in_person_enrolment,In-person enrolment for online access,minor_purchases_prevented,16,method,verification_check_rate,-0.000252507299237003,0.000252507299237003
in_person_enrolment,In-person enrolment for online access,minor_purchases_prevented,17,method,fixed_annual_cost,0.00021654341816661738,0.00021654341816661738
in_person_enrolment,In-person enrolment for online access,adult_adverse_outcomes,1,method,adult_abandonment_rate,0.8068858543109785,0.8068858543109785
in_person_enrolment,In-person enrolment for online access,adult_adverse_outcomes,2,scenario,purchase_attempt_rate,0.5246567929366147,0.5246567929366147
in_person_enrolment,In-person enrolment for online access,adult_adverse_outcomes,3,scenario,higher_friction_adult_share,0.12046978937826794,0.12046978937826794
in_person_enrolment,In-person enrolment for online access,adult_adverse_outcomes,4,method,higher_friction_abandonment_multiplier,0.11048941503094777,0.11048941503094777
in_person_enrolment,In-person enrolment for online access,adult_adverse_outcomes,5,method,adult_false_rejection_rate,0.07444644183832258,0.07444644183832258
in_person_enrolment,In-person enrolment for online access,adult_adverse_outcomes,6,scenario,minor_share,-0.0627784911704234,0.0627784911704234
in_person_enrolment,In-person enrolment for online access,adult_adverse_outcomes,7,method,biometric_scans_per_check,0.006191095739116438,0.006191095739116438
in_person_enrolment,In-person enrolment for online access,adult_adverse_outcomes,8,method,higher_friction_false_rejection_multiplier,0.005556640739630657,0.005556640739630657
in_person_enrolment,In-person enrolment for online access,adult_adverse_outcomes,9,method,minor_circumvention_rate,0.004922417842416967,0.004922417842416967
in_person_enrolment,In-person enrolment for online access,adult_adverse_outcomes,10,method,minor_detection_rate,-0.004613315345877326,0.004613315345877326
in_person_enrolment,In-person enrolment for online access,adult_adverse_outcomes,11,method,records_per_check,-0.003616541641542617,0.003616541641542617
in_person_enrolment,In-person enrolment for online access,adult_adverse_outcomes,12,method,verification_check_rate,0.0028830835182732336,0.0028830835182732336
in_person_enrolment,In-person enrolment for online access,adult_adverse_outcomes,13,method,third_party_disclosures_per_check,-0.002750422159532169,0.002750422159532169
in_person_enrolment,In-person enrolment for online access,adult_adverse_outcomes,14,method,variable_cost_per_check,0.00238479935048992,0.00238479935048992
in_person_enrolment,In-person enrolment for online access,adult_adverse_outcomes,15,method,annual_breach_probability,0.0017554974217261988,0.0017554974217261988
in_person_enrolment,In-person enrolment for online access,adult_adverse_outcomes,16,method,centralized_record_fraction,0.0007665878241786352,0.0007665878241786352
in_person_enrolment,In-person enrolment for online access,adult_adverse_outcomes,17,method,fixed_annual_cost,0.00010931937825172777,0.00010931937825172777
in_person_enrolment,In-person enrolment for online access,higher_friction_adult_adverse_outcomes,1,scenario,higher_friction_adult_share,0.6275079031472272,0.6275079031472272
in_person_enrolment,In-person enrolment for online access,higher_friction_adult_adverse_outcomes,2,method,adult_abandonment_rate,0.45920226543372894,0.45920226543372894
in_person_enrolment,In-person enrolment for online access,higher_friction_adult_adverse_outcomes,3,scenario,purchase_attempt_rate,0.40712757852157105,0.40712757852157105
in_person_enrolment,In-person enrolment for online access,higher_friction_adult_adverse_outcomes,4,method,higher_friction_abandonment_multiplier,0.35976956182464387,0.35976956182464387
in_person_enrolment,In-person enrolment for online access,higher_friction_adult_adverse_outcomes,5,scenario,minor_share,-0.05101815188261527,0.05101815188261527
in_person_enrolment,In-person enrolment for online access,higher_friction_adult_adverse_outcomes,6,method,adult_false_rejection_rate,0.016993061508749227,0.016993061508749227
in_person_enrolment,In-person enrolment for online access,higher_friction_adult_adverse_outcomes,7,method,higher_friction_false_rejection_multiplier,0.008522429923632974,0.008522429923632974
in_person_enrolment,In-person enrolment for online access,higher_friction_adult_adverse_outcomes,8,method,annual_breach_probability,0.0055300366011880155,0.0055300366011880155
in_person_enrolment,In-person enrolment for online access,higher_friction_adult_adverse_outcomes,9,method,minor_detection_rate,-0.005025878486874352,0.005025878486874352
in_person_enrolment,In-person enrolment for online access,higher_friction_adult_adverse_outcomes,10,method,variable_cost_per_check,0.0032673515099149405,0.0032673515099149405
in_person_enrolment,In-person enrolment for online access,higher_friction_adult_adverse_outcomes,11,method,records_per_check,-0.0031281241818272502,0.0031281241818272502
in_person_enrolment,In-person enrolment for online access,higher_friction_adult_adverse_outcomes,12,method,biometric_scans_per_check,0.002086353251970541,0.002086353251970541
in_person_enrolment,In-person enrolment for online access,higher_friction_adult_adverse_outcomes,13,method,verification_check_rate,-0.0017661735494744696,0.0017661735494744696
in_person_enrolment,In-person enrolment for online access,higher_friction_adult_adverse_outcomes,14,method,fixed_annual_cost,-0.0016277431784430974,0.0016277431784430974
in_person_enrolment,In-person enrolment for online access,higher_friction_adult_adverse_outcomes,15,method,third_party_disclosures_per_check,-0.0015562987608465197,0.0015562987608465197
in_person_enrolment,In-person enrolment for online access,higher_friction_adult_adverse_outcomes,16,method,centralized_record_fraction,0.0010516342867566539,0.0010516342867566539
in_person_enrolment,In-person enrolment for online access,higher_friction_adult_adverse_outcomes,17,method,minor_circumvention_rate,-6.372610850549045e-05,6.372610850549045e-05
in_person_enrolment,In-person enrolment for online access,identity_records_created,1,method,records_per_check,0.9025959880557904,0.9025959880557904
in_person_enrolment,In-person enrolment for online access,identity_records_created,2,scenario,purchase_attempt_rate,0.32726025259436015,0.32726025259436015
in_person_enrolment,In-person enrolment for online access,identity_records_created,3,method,adult_abandonment_rate,-0.22785504487223002,0.22785504487223002
in_person_enrolment,In-person enrolment for online access,identity_records_created,4,method,verification_check_rate,0.08960682394467473,0.08960682394467473
in_person_enrolment,In-person enrolment for online access,identity_records_created,5,scenario,higher_friction_adult_share,-0.03907104265255642,0.03907104265255642
in_person_enrolment,In-person enrolment for online access,identity_records_created,6,method,higher_friction_abandonment_multiplier,-0.026867764228219106,0.026867764228219106
in_person_enrolment,In-person enrolment for online access,identity_records_created,7,scenario,minor_share,0.017734387504789756,0.017734387504789756
in_person_enrolment,In-person enrolment for online access,identity_records_created,8,method,minor_detection_rate,0.008725884985474355,0.008725884985474355
in_person_enrolment,In-person enrolment for online access,identity_records_created,9,method,higher_friction_false_rejection_multiplier,0.0068703469541401396,0.0068703469541401396
in_person_enrolment,In-person enrolment for online access,identity_records_created,10,method,annual_breach_probability,0.005074369466605748,0.005074369466605748
in_person_enrolment,In-person enrolment for online access,identity_records_created,11,method,centralized_record_fraction,-0.0045242019883056815,0.0045242019883056815
in_person_enrolment,In-person enrolment for online access,identity_records_created,12,method,adult_false_rejection_rate,0.0042211436051124585,0.0042211436051124585
in_person_enrolment,In-person enrolment for online access,identity_records_created,13,method,minor_circumvention_rate,-0.003975405909078162,0.003975405909078162
in_person_enrolment,In-person enrolment for online access,identity_records_created,14,method,variable_cost_per_check,0.001624767103177907,0.001624767103177907
in_person_enrolment,In-person enrolment for online access,identity_records_created,15,method,third_party_disclosures_per_check,0.0004108488513323396,0.0004108488513323396
in_person_enrolment,In-person enrolment for online access,identity_records_created,16,method,biometric_scans_per_check,0.0003577701597591081,0.0003577701597591081
in_person_enrolment,In-person enrolment for online access,identity_records_created,17,method,fixed_annual_cost,-0.00029175118821270045,0.00029175118821270045
in_person_enrolment,In-person enrolment for online access,expected_records_exposed,1,method,annual_breach_probability,0.8204665151572427,0.8204665151572427
in_person_enrolment,In-person enrolment for online access,expected_records_exposed,2,method,records_per_check,0.49517533164405414,0.49517533164405414
in_person_enrolment,In-person enrolment for online access,expected_records_exposed,3,scenario,purchase_attempt_rate,0.18413018168939607,0.18413018168939607
in_person_enrolment,In-person enrolment for online access,expected_records_exposed,4,method,adult_abandonment_rate,-0.12604852378053144,0.12604852378053144
in_person_enrolment,In-person enrolment for online access,expected_records_exposed,5,method,verification_check_rate,0.046382233060632896,0.046382233060632896
in_person_enrolment,In-person enrolment for online access,expected_records_exposed,6,scenario,higher_friction_adult_share,-0.021133393796357355,0.021133393796357355
in_person_enrolment,In-person enrolment for online access,expected_records_exposed,7,scenario,minor_share,0.010400442233312178,0.010400442233312178
in_person_enrolment,In-person enrolment for online access,expected_records_exposed,8,method,third_party_disclosures_per_check,0.008998488154511397,0.008998488154511397
in_person_enrolment,In-person enrolment for online access,expected_records_exposed,9,method,biometric_scans_per_check,-0.007077888637679156,0.007077888637679156
in_person_enrolment,In-person enrolment for online access,expected_records_exposed,10,method,higher_friction_abandonment_multiplier,-0.006964565894497826,0.006964565894497826
in_person_enrolment,In-person enrolment for online access,expected_records_exposed,11,method,minor_detection_rate,0.006697559346807025,0.006697559346807025
in_person_enrolment,In-person enrolment for online access,expected_records_exposed,12,method,fixed_annual_cost,0.006111830974412733,0.006111830974412733
in_person_enrolment,In-person enrolment for online access,expected_records_exposed,13,method,centralized_record_fraction,-0.004965083966754034,0.004965083966754034
in_person_enrolment,In-person enrolment for online access,expected_records_exposed,14,method,minor_circumvention_rate,0.004488127341955251,0.004488127341955251
in_person_enrolment,In-person enrolment for online access,expected_records_exposed,15,method,higher_friction_false_rejection_multiplier,0.0028037314472334927,0.0028037314472334927
in_person_enrolment,In-person enrolment for online access,expected_records_exposed,16,method,adult_false_rejection_rate,0.0010524065549169627,0.0010524065549169627
in_person_enrolment,In-person enrolment for online access,expected_records_exposed,17,method,variable_cost_per_check,0.0007257602309783042,0.0007257602309783042
in_person_enrolment,In-person enrolment for online access,total_annual_cost,1,method,fixed_annual_cost,0.9576763745659507,0.9576763745659507
in_person_enrolment,In-person enrolment for online access,total_annual_cost,2,method,variable_cost_per_check,0.239737504867287,0.239737504867287
in_person_enrolment,In-person enrolment for online access,total_annual_cost,3,scenario,purchase_attempt_rate,0.09013124448552451,0.09013124448552451
in_person_enrolment,In-person enrolment for online access,total_annual_cost,4,method,adult_abandonment_rate,-0.06014465749493787,0.06014465749493787
in_person_enrolment,In-person enrolment for online access,total_annual_cost,5,method,verification_check_rate,0.030156159112286467,0.030156159112286467
in_person_enrolment,In-person enrolment for online access,total_annual_cost,6,method,higher_friction_abandonment_multiplier,-0.013991332605532534,0.013991332605532534
in_person_enrolment,In-person enrolment for online access,total_annual_cost,7,scenario,higher_friction_adult_share,-0.010454403239477762,0.010454403239477762
in_person_enrolment,In-person enrolment for online access,total_annual_cost,8,method,annual_breach_probability,0.008546110934362444,0.008546110934362444
in_person_enrolment,In-person enrolment for online access,total_annual_cost,9,scenario,minor_share,0.008474977866557992,0.008474977866557992
in_person_enrolment,In-person enrolment for online access,total_annual_cost,10,method,third_party_disclosures_per_check,0.004090324831684131,0.004090324831684131
in_person_enrolment,In-person enrolment for online access,total_annual_cost,11,method,adult_false_rejection_rate,-0.002871526369052611,0.002871526369052611
in_person_enrolment,In-person enrolment for online access,total_annual_cost,12,method,records_per_check,0.0024993775777357513,0.0024993775777357513
in_person_enrolment,In-person enrolment for online access,total_annual_cost,13,method,minor_circumvention_rate,0.0019454396142821759,0.0019454396142821759
in_person_enrolment,In-person enrolment for online access,total_annual_cost,14,method,centralized_record_fraction,-0.0004513694220365478,0.0004513694220365478
in_person_enrolment,In-person enrolment for online access,total_annual_cost,15,method,higher_friction_false_rejection_multiplier,5.8184912759273976e-05,5.8184912759273976e-05
in_person_enrolment,In-person enrolment for online access,total_annual_cost,16,method,biometric_scans_per_check,2.2993861257197546e-05,2.2993861257197546e-05
in_person_enrolment,In-person enrolment for online access,total_annual_cost,17,method,minor_detection_rate,-2.0513143688205257e-06,2.0513143688205257e-06
